Issue key,Issue id,Project Manager,Status,Priority,Marketing Need,Business Impact,Summary,Customer Interest,Product,Product Manager
SLE-20049,488586,LPechacek,In Progress,Should Have,High,,Provide User Space Live Patching (ULP),,SUSE Linux Enterprise Live Patching 15 SP4,sbehlert
SLE-19964,488052,fcrozat,In Progress,Should Have,Low,,Tech Preview to enable Wayland on the latest Nvidia proprietary driver.,,SUSE Linux Enterprise Workstation Extension 15 SP4,sbehlert
SLE-22050,495952,aginies,In Progress,Should Have,Medium,,HPC: update packages to latest version,,SUSE Linux Enterprise HPC 15 SP4,msvec
SLE-19983,488099,aginies,Ready to release,Could Have,Low,Low,HPC: Request to include mpi/cray-shasta plugin in slurm for 15-SP4,High,SUSE Linux Enterprise HPC 15 SP4,sbehlert
SLE-22894,503351,LMartin,In Progress,Should Have,Medium,,Update HA packages for 15 SP4,,SUSE Linux Enterprise High Availability Extension 15 SP4,a_jaeger
SLE-22678,502376,aginies,In Progress,Should Have,Medium,Medium,Refresh 'spack' to 0.17,High,SUSE Linux Enterprise HPC 15 SP4,msvec
SLE-21335,492963,aginies,Ready to release,Should Have,Medium,High,HPC: Update mpich to 3.4.2 or later,High,SUSE Linux Enterprise HPC 15 SP4,sbehlert
SLE-21334,492962,aginies,In Progress,Should Have,Medium,,HPC: Update SLURM to 22.05 or later,Medium,SUSE Linux Enterprise HPC 15 SP4,sbehlert
SLE-21556,493589,LMartin,Rejected,Should Have,Medium,Medium,REAR 2.7 needed by customer for Micro Focus Data Protector,High,SUSE Linux Enterprise High Availability Extension 15 SP4,a_jaeger
SLE-21918,495399,aginies,In Progress,Should Have,Medium,High,[HPC] Add RedHat Compatibility to wicked to support Warewulf4,High,SUSE Linux Enterprise HPC 15 SP4,msvec
SLE-17777,462980,aginies,In Progress,Should Have,Low,,HPC:  optimise the product focusing on a SLE HPC ready OS (SLE 15 SP4: drop),,SUSE Linux Enterprise HPC 15 SP4,msvec
SLE-17887,478363,aginies,In Progress,Should Have,Medium,,HPC:  Improve system to be ready for HPC,,SUSE Linux Enterprise HPC 15 SP4,msvec
SLE-12352,424951,aginies,In Progress,Could Have,Medium,,Provide a Tool to create a Container from the currently set HPC Environment ,,SUSE Linux Enterprise HPC 15 SP4,msvec
SLE-21647,494271,LMartin,In Progress,Must Have,Low,Medium,Deprecate yast2 saptune module,Low,SUSE Linux Enterprise Server for SAP Applications 15 SP4,a_jaeger
SLE-20031,488431,LMartin,In Progress,Could Have,Low,Medium,remove libssh2-1 from sap-hana pattern,High,SUSE Linux Enterprise Server for SAP Applications 15 SP4,a_jaeger
SLE-22807,502894,LMartin,In Progress,Must Have,Medium,High,Deliver Trento agent to SLES4SAP,Very High,SUSE Linux Enterprise Server for SAP Applications 15 SP4,a_jaeger
SLE-20651,490766,LMartin,Rejected,Must Have,High,High,Support Ansible as part of SLES for SAP,Medium,SUSE Linux Enterprise Server for SAP Applications 15 SP4,a_jaeger
SLE-20623,490507,LMartin,In Progress,Must Have,High,Medium,"hanadb_exporter: Support for AWS Secure Store, HANA Scale-out Installations and SSL enforced HANA Connections",Medium,SUSE Linux Enterprise Server for SAP Applications 15 SP4,cholsing
SLE-21139,492201,LMartin,In Progress,Must Have,Medium,High,[NONCODE] QA: HANA HA test automation,Medium,SUSE Linux Enterprise Server for SAP Applications 15 SP4,a_jaeger
SLE-21612,493885,msmeissn,Released,Could Have,Medium,Low,Update libgphoto to 2.5.27,Medium,SUSE Linux Enterprise Desktop 15 SP4,msvec
SLE-20013,488320,suntorytimed,Rejected,Must Have,Low,Low,gpgme upgrade,Medium,SUSE Linux Enterprise Desktop 15 SP4,sbehlert
SLE-19965,488053,fcrozat,In Progress,Should Have,Medium,,Tech Preview to enable Wayland on the latest Nvidia proprietary driver.,,SUSE Linux Enterprise Desktop 15 SP4,sbehlert
SLE-22829,502939,fcrozat,In Progress,Should Have,Low,,request for libXfixes update because of GNOME 41 update.,,SUSE Linux Enterprise Desktop 15 SP4,sbehlert
SLE-22827,502937,fcrozat,TPM Evaluates,Should Have,Low,,Request to update upower to support GNOME 41 update.,,SUSE Linux Enterprise Desktop 15 SP4,sbehlert
SLE-20650,490765,fcrozat,TPM Evaluates,Must Have,Low,Low,use suse.com infrastructure for NetworkManager connection detection,Low,SUSE Linux Enterprise Desktop 15 SP4,sbehlert
SLE-21112,492165,suntorytimed,In Progress,Could Have,Low,,Update lcms2,,SUSE Linux Enterprise Desktop 15 SP4,msvec
SLE-21110,492163,suntorytimed,In Progress,Should Have,Low,,Update argyllcms,,SUSE Linux Enterprise Desktop 15 SP4,msvec
SLE-21105,492158,suntorytimed,In Progress,Wish to Have,Low,,"Cleanup task: Drop translation-update-upstream, translation-update and gnome-patch-translation",,SUSE Linux Enterprise Desktop 15 SP4,msvec
SLE-21104,492157,suntorytimed,In Progress,Should Have,Low,,Update desktop-file-utils,,SUSE Linux Enterprise Desktop 15 SP4,msvec
SLE-21103,492156,suntorytimed,In Progress,Should Have,Low,,Update potrace and pstoedit,,SUSE Linux Enterprise Desktop 15 SP4,msvec
SLE-21099,492152,suntorytimed,In Progress,Should Have,Low,,Update xscreensaver,,SUSE Linux Enterprise Desktop 15 SP4,msvec
SLE-21559,493650,suntorytimed,In Progress,Could Have,Low,,Update libEMF in SLE-15-SP4 to 1.0.13,,SUSE Linux Enterprise Desktop 15 SP4,msvec
SLE-21555,493587,suntorytimed,In Progress,Should Have,Low,,update colord-gtk,,SUSE Linux Enterprise Desktop 15 SP4,msvec
SLE-22488,500062,fcrozat,TPM Evaluates,Could Have,Medium,Low,Update hplip to Factory version,Medium,SUSE Linux Enterprise Desktop 15 SP4,msvec
SLE-22171,496955,LPechacek,Rejected,Could Have,Medium,Medium,"Add the ""amd-pstate"" frequency scaling driver to SLE-15-SP4",,SUSE Linux Enterprise Server 15 SP4,msvec
SLE-22156,496791,gameboy974,In Progress,Must Have,Low,Medium,Supportability matrix for SLE containers on SLE hosts (15 SP4),Medium,SUSE Linux Enterprise Server 15 SP4,msvec
SLE-22147,496760,horon,In Progress,Should Have,High,Medium,IBM Power 10 released - website updates,Medium,SUSE Linux Enterprise Server 15 SP4,msvec
SLE-22145,496710,aherzig,TPM Evaluates,Must Have,High,Medium,BCI/UBI parity,Medium,SUSE Linux Enterprise Server 15 SP4,msvec
SLE-22142,496677,suntorytimed,TPM Evaluates,Should Have,Low,Low,document tech previews in SLE better,Medium,SUSE Linux Enterprise Server 15 SP4,msvec
SLE-22137,496650,aginies,In Progress,Should Have,Medium,,[HPC] provide latest stable version of spack,,SUSE Linux Enterprise Server 15 SP4,msvec
SLE-22134,496591,aherzig,In Progress,Should Have,High,High,Publish SLE BCI minimal image,,SUSE Linux Enterprise Server 15 SP4,msvec
SLE-21826,494751,fcrozat,In Progress,Must Have,Low,Low,Update fuse3 to the version >= 3.9.1,Medium,SUSE Linux Enterprise Server 15 SP4,sbehlert
SLE-21743,494541,suntorytimed,Rejected,Could Have,Low,,usersubstr check functonality backport to pam_cracklib on SLES15SP4,Very High,SUSE Linux Enterprise Server 15 SP4,msvec
SLE-21707,494492,msmeissn,TPM Evaluates,Must Have,Medium,Low,ship gswrap as ghostscript wrapper,Low,SUSE Linux Enterprise Server 15 SP4,msvec
SLE-21696,494452,Jeffreycheung,Rejected,Should Have,Medium,,Update OPAE package to latest mainline/factory version,Medium,SUSE Linux Enterprise Server 15 SP4,msvec
SLE-21695,494405,suntorytimed,Rejected,Could Have,,,systemd portable services,,SUSE Linux Enterprise Server 15 SP4,msvec
SLE-21679,494379,suntorytimed,In Progress,Could Have,Low,,Update libfastjson to 0.99.9,,SUSE Linux Enterprise Server 15 SP4,msvec
SLE-21678,494378,suntorytimed,In Progress,Should Have,Medium,Medium,Update bind to 9.16.20,Medium,SUSE Linux Enterprise Server 15 SP4,msvec
SLE-21677,494377,suntorytimed,In Progress,Could Have,Low,Low,Update hwloc to 2.5.0,Low,SUSE Linux Enterprise Server 15 SP4,msvec
SLE-21676,494376,suntorytimed,In Progress,Could Have,Low,Low,Update gptfdisk to 1.0.8,Low,SUSE Linux Enterprise Server 15 SP4,msvec
SLE-21675,494375,suntorytimed,In Progress,Wish to Have,Medium,Low,Update genwqe-tools to 4.0.20,Low,SUSE Linux Enterprise Server 15 SP4,msvec
SLE-21674,494374,suntorytimed,In Progress,Should Have,Low,Medium,Update grub to 2.0.6,Medium,SUSE Linux Enterprise Server 15 SP4,msvec
SLE-21673,494373,suntorytimed,In Progress,Should Have,Low,Medium,Update dracut to 055,Medium,SUSE Linux Enterprise Server 15 SP4,msvec
SLE-21672,494369,suntorytimed,TPM Evaluates,Could Have,Low,Low,Include python3-libmount in SLE,Medium,SUSE Linux Enterprise Server 15 SP4,msvec
SLE-21668,494358,a_faerber,In Progress,Should Have,Medium,Low,"Enable TI TDA4VM (J721E) automotive platform for ""QMLinux"" use case",Low,SUSE Linux Enterprise Server 15 SP4,joachimwerner
SLE-21667,494300,aginies,Rejected,Could Have,Medium,Medium,Support SLES in a qemu sbsa-ref machine,Medium,SUSE Linux Enterprise Server 15 SP4,sbehlert
SLE-21645,494214,ihno,Ready to release,Should Have,Medium,High,New package request: Add zDNN low-level driver library,High,SUSE Linux Enterprise Server 15 SP4,msvec
SLE-21644,494213,horon,TPM Evaluates,Must Have,High,High,Remove yast2-kdump tool hardlimit on crashkernel value,High,SUSE Linux Enterprise Server 15 SP4,mcowley
SLE-21606,493867,gameboy974,TPM Evaluates,Should Have,Medium,Low,Move helm to the containers module,Medium,SUSE Linux Enterprise Server 15 SP4,msvec
SLE-21579,493691,suntorytimed,In Progress,Must Have,Low,Low,Convert the SCA Tool to Python3,Low,SUSE Linux Enterprise Server 15 SP4,msvec
SLE-21576,493688,aherzig,TPM Evaluates,Must Have,Medium,Medium,Support SLE containers on VMware Tanzu,Medium,SUSE Linux Enterprise Server 15 SP4,msvec
SLE-21848,494800,horon,In Progress,Must Have,High,High,Avoid the need to reload kdump service on CPU DLPAR operations (kernel part),High,SUSE Linux Enterprise Server 15 SP4,mcowley
SLE-21844,494784,a_faerber,In Progress,Should Have,High,Medium,Driver for Firmware Framework (FF) for Arm A-profile processors,High,SUSE Linux Enterprise Server 15 SP4,drdavis
SLE-20373,489909,lkocman,In Progress,Could Have,Medium,,Update zchunk and zstd,,SUSE Linux Enterprise Server 15 SP4,msvec
SLE-20408,489949,lkocman,In Progress,Could Have,High,Medium,Create a WSL Landing and documentation page,,SUSE Linux Enterprise Server 15 SP4,msvec
SLE-20407,489948,lkocman,TPM Evaluates,Could Have,Medium,,Feature development on WSL-DistroLauncher,,SUSE Linux Enterprise Server 15 SP4,msvec
SLE-20406,489947,lkocman,In Progress,Could Have,Medium,,Install Microsoft Terminal shortcuts (JSON definitions) with WSL-DistroLauncher,,SUSE Linux Enterprise Server 15 SP4,msvec
SLE-20403,489941,Jeffreycheung,Ready to release,Could Have,Medium,,Update tmon package to latest factory/mainline sources,,SUSE Linux Enterprise Server 15 SP4,msvec
SLE-20402,489940,Jeffreycheung,Ready to release,Should Have,Medium,,Update freeipmi package to latest factory/mainline sources,,SUSE Linux Enterprise Server 15 SP4,msvec
SLE-20401,489939,Jeffreycheung,Ready to release,Should Have,Medium,,Update ipmitool package to latest factory/mainline version,,SUSE Linux Enterprise Server 15 SP4,msvec
SLE-20400,489938,Jeffreycheung,Ready to release,Should Have,Medium,,Update rasdaemon package to latest factory/mainline version,,SUSE Linux Enterprise Server 15 SP4,msvec
SLE-20413,489954,suntorytimed,TPM Evaluates,Could Have,Low,,YaST2: Handle firstboot WSL-specific tasks,,SUSE Linux Enterprise Server 15 SP4,msvec
SLE-20297,489536,msmeissn,TPM Evaluates,Should Have,High,High,support more chinese cryptographic ciphers,High,SUSE Linux Enterprise Server 15 SP4,ktrepte
SLE-20295,489533,msmeissn,In Progress,Should Have,Low,Medium,Add usbguard to SLES 15 SP4,Medium,SUSE Linux Enterprise Server 15 SP4,ktrepte
SLE-20293,489531,msmeissn,Rejected,Should Have,Medium,,Rootkit detection from the Installer boot menu,,SUSE Linux Enterprise Server 15 SP4,ktrepte
SLE-20287,489525,msmeissn,In Progress,Could Have,Medium,,4C - Centralized Crypto Compliance Configuration,,SUSE Linux Enterprise Server 15 SP4,ktrepte
SLE-20276,489506,suntorytimed,In Progress,Wish to Have,Low,Medium,Update cronie to 1.5.7 and add debianutils,Low,SUSE Linux Enterprise Server 15 SP4,msvec
SLE-20275,489505,suntorytimed,Ready to release,Should Have,Medium,Medium,cryptsetup update to 2.4.0,High,SUSE Linux Enterprise Server 15 SP4,msvec
SLE-22967,503758,fcrozat,Rejected,Should Have,Medium,High,Update mutter packages for key embedded partner for SLES 15 SP4,Very High,SUSE Linux Enterprise Server 15 SP4,msvec
SLE-22309,498688,Jeffreycheung,Ready to release,Should Have,,,hpwdt driver update to latest upstream version,,SUSE Linux Enterprise Server 15 SP4,sahmad
SLE-22308,498686,Jeffreycheung,Ready to release,Should Have,,,hpilo driver update to latest upstream version,,SUSE Linux Enterprise Server 15 SP4,sahmad
SLE-22300,498357,aginies,In Progress,Wish to Have,Medium,,Support virtual instances up to 24TB and 8192 vcpus,,SUSE Linux Enterprise Server 15 SP4,ykornilov
SLE-22385,499592,aginies,In Progress,Should Have,Medium,Medium,Add open-vm-tools to SLES aarch64 build,Medium,SUSE Linux Enterprise Server 15 SP4,ykornilov
SLE-20518,490274,suntorytimed,In Progress,Should Have,Medium,,Migration from SLE 11 to SLE 15 SP4 no longer supported,,SUSE Linux Enterprise Server 15 SP4,msvec
SLE-20498,490174,a_faerber,Ready to release,Could Have,Medium,Low,Enable Audio support for Tegra SOCs,Medium,SUSE Linux Enterprise Server 15 SP4,drdavis
SLE-20497,490173,a_faerber,Ready to release,Could Have,Medium,Low,Enable QSPI driver for Tegra SoCs,Medium,SUSE Linux Enterprise Server 15 SP4,drdavis
SLE-20530,490301,suntorytimed,In Progress,Could Have,Low,,Add Pandoc and required Dependencies to the Build Environment,,SUSE Linux Enterprise Server 15 SP4,msvec
SLE-20526,490295,msmeissn,Ready to release,Could Have,Medium,,Support of the PKCS#11 interface library for TPM 2.0 hardware,,SUSE Linux Enterprise Server 15 SP4,msvec
SLE-20437,490083,suntorytimed,In Progress,Should Have,Medium,,Parallelizing operations during package installation,,SUSE Linux Enterprise Server 15 SP4,msvec
SLE-20426,490052,fcrozat,TPM Evaluates,Wish to Have,,,Upgrade plymouth to 20201026+53c83cc,,SUSE Linux Enterprise Server 15 SP4,sbehlert
SLE-20425,490051,fcrozat,TPM Evaluates,Wish to Have,,,Upgrade ibus >= 1.5.24 and all necessary ibus engines.,,SUSE Linux Enterprise Server 15 SP4,sbehlert
SLE-20308,489664,suntorytimed,In Progress,Should Have,Low,Medium,"Java JDK Technology Compatibility Kit (TCK) Request, IBM Java 11",High,SUSE Linux Enterprise Server 15 SP4,msvec
SLE-20307,489663,suntorytimed,Rejected,Should Have,Medium,High,password-less boot with full disk encryption with password/key stored in TPM,Very High,SUSE Linux Enterprise Server 15 SP4,msvec
SLE-20310,489667,LPechacek,Rejected,Should Have,,,Provide full premption with kernel-default,,SUSE Linux Enterprise Server 15 SP4,sbehlert
SLE-20309,489666,fcrozat,In Progress,Must Have,Low,,remove udev dependency in systemd main package,,SUSE Linux Enterprise Server 15 SP4,msvec
SLE-20339,489712,suntorytimed,In Progress,Should Have,Low,Low,net-snmpd - fix config data location to comply w/ FHS (bsc #1181591),Medium,SUSE Linux Enterprise Server 15 SP4,msvec
SLE-20338,489710,suntorytimed,TPM Evaluates,Could Have,Low,,KIWI: Conditionally include packages in image definition,,SUSE Linux Enterprise Server 15 SP4,msvec
SLE-20336,489708,Jeffreycheung,Ready to release,Should Have,Medium,,Update numactl package to latest mainline/factory version,,SUSE Linux Enterprise Server 15 SP4,msvec
SLE-20335,489707,suntorytimed,In Progress,Could Have,Medium,,"Tuned is an important package, especially for SLE for SAP",,SUSE Linux Enterprise Server 15 SP4,msvec
SLE-20353,489734,msmeissn,In Progress,Should Have,Medium,Medium,dnsmasq update to 2.83,Medium,SUSE Linux Enterprise Server 15 SP4,msvec
SLE-20352,489730,suntorytimed,Rejected,Should Have,Low,Medium,XFS multi threads file allocation function generates misalignment segment in allocation group,,SUSE Linux Enterprise Server 15 SP4,msvec
SLE-20348,489723,suntorytimed,In Progress,Should Have,Low,,Deprecate mkinitrd wrapper and fix distro tools to use dracut directly (15 SP4),,SUSE Linux Enterprise Server 15 SP4,msvec
SLE-20346,489721,suntorytimed,In Progress,Should Have,Low,,Avoid enabling/starting YaST2 modules when there are missing dependencies,High,SUSE Linux Enterprise Server 15 SP4,msvec
SLE-20355,489749,lkocman,In Progress,Could Have,Low,,Create a WSL pattern or metapackage,,SUSE Linux Enterprise Server 15 SP4,msvec
SLE-20354,489746,gameboy974,In Progress,Could Have,High,,Renaming JeOS to Minimal-VM and Minimal-Image or just Minimal,Medium,SUSE Linux Enterprise Server 15 SP4,msvec
SLE-19779,487584,aginies,In Progress,Could Have,Low,,[qemu] Make QEMU guests more failsafe when resizing SCSI passthrough disks,High,SUSE Linux Enterprise Server 15 SP4,ykornilov
SLE-19765,487509,msmeissn,Ready to release,Must Have,Low,Medium,Update libnettle and gnutls to new major versions,Medium,SUSE Linux Enterprise Server 15 SP4,sbehlert
SLE-19764,487508,fcrozat,Rejected,Must Have,Low,Medium,Update Qt to 5.15 LTS,High,SUSE Linux Enterprise Server 15 SP4,sbehlert
SLE-19763,487506,suntorytimed,TPM Evaluates,Could Have,,,KIWI: support XML templating for variable substitution,,SUSE Linux Enterprise Server 15 SP4,msvec
SLE-19762,487505,suntorytimed,In Progress,Wish to Have,Low,,"WSL Team: Move templating of AppxManifest.xml to KIWI templated definition, package wsl-appx becomes static metadata assets only",,SUSE Linux Enterprise Server 15 SP4,msvec
SLE-19761,487504,suntorytimed,TPM Evaluates,Could Have,,,WSL KIWI: Specify build time only dependencies equivalent to BuildRequires,,SUSE Linux Enterprise Server 15 SP4,msvec
SLE-19760,487503,suntorytimed,TPM Evaluates,Could Have,,,KIWI: support AppxManifest.xml snippets in KIWI image definition,,SUSE Linux Enterprise Server 15 SP4,msvec
SLE-19759,487502,suntorytimed,TPM Evaluates,Could Have,,,KIWI: support AppxManifest.xml validation via msix-packaging XSD schema definitions,,SUSE Linux Enterprise Server 15 SP4,msvec
SLE-19758,487501,suntorytimed,TPM Evaluates,Could Have,,,KIWI: support msix image format using Microsoft MSIX SDK,,SUSE Linux Enterprise Server 15 SP4,msvec
SLE-19752,487494,gameboy974,TPM Evaluates,Must Have,Low,Medium,[Docker] Fix handling of multiple networks having the same name (SAP patch),Very High,SUSE Linux Enterprise Server 15 SP4,ykornilov
SLE-19743,487479,suntorytimed,In Progress,Should Have,Medium,Medium,Update systemd to v249+,High,SUSE Linux Enterprise Server 15 SP4,msvec
SLE-19742,487470,msmeissn,TPM Evaluates,Could Have,Medium,,Backport Arm openssl 3 improvements to openssl 1.1.1k,,SUSE Linux Enterprise Server 15 SP4,msvec
SLE-19734,487453,ta-ro,In Progress,Should Have,Low,Low,"Enhance documentation for Kerberos, esp. Debug Option",High,SUSE Linux Enterprise Server 15 SP4,sbehlert
SLE-19733,487452,aginies,In Progress,Should Have,Low,Low,[hyper-v] Enable DRM driver for hyperv,Medium,SUSE Linux Enterprise Server 15 SP4,msvec
SLE-19732,487450,suntorytimed,TPM Evaluates,Should Have,Medium,Low,Updating AutoYaST configuration file for next run,Medium,SUSE Linux Enterprise Server 15 SP4,msvec
SLE-19689,487322,Jeffreycheung,Ready to release,Should Have,,,Support ACPI PMTT ,,SUSE Linux Enterprise Server 15 SP4,sahmad
SLE-19686,487309,Jeffreycheung,Rejected,Should Have,,,qlnativefc:  update driver to latest upstream version,,SUSE Linux Enterprise Server 15 SP4,sahmad
SLE-19683,487306,rtsvetkov,Rejected,Should Have,,,Redfish Requirements from HPE,,SUSE Linux Enterprise Server 15 SP4,sahmad
SLE-19652,487190,Jeffreycheung,In Progress,Should Have,,,ACPI 6.4 Support,,SUSE Linux Enterprise Server 15 SP4,sahmad
SLE-19651,487188,Jeffreycheung,In Progress,Should Have,,,ACPI NFIT/HMAT Updates,,SUSE Linux Enterprise Server 15 SP4,sahmad
SLE-19650,487187,Jeffreycheung,Rejected,Should Have,,,SCI GHES v2,,SUSE Linux Enterprise Server 15 SP4,sahmad
SLE-19648,487166,LPechacek,Ready to release,Should Have,Medium,,Switch to compressed firmware files in SLE,,SUSE Linux Enterprise Server 15 SP4,msvec
SLE-19640,487153,msmeissn,In Progress,Must Have,Low,Medium,Update openssl 1.1.1 to current stable  release,High,SUSE Linux Enterprise Server 15 SP4,msvec
SLE-20068,488853,suntorytimed,In Progress,Must Have,Low,Medium,Using user/group negation in sudoers.ldap doesn't work,High,SUSE Linux Enterprise Server 15 SP4,sbehlert
SLE-20064,488687,LPechacek,Ready to release,Must Have,Medium,Medium,"AMD Genoa - Support BFloat16, AVX3-512, and other ISA extensions",Medium,SUSE Linux Enterprise Server 15 SP4,LanceOrtiz
SLE-20063,488685,aginies,In Progress,Should Have,High,Medium,[KVM] Deliver VMDP drivers for windows as containers,Low,SUSE Linux Enterprise Server 15 SP4,ykornilov
SLE-20056,488599,horon,In Progress,Must Have,High,High,PowerVM: Multiqueue support for ibmvfc scsi driver (NPIV),High,SUSE Linux Enterprise Server 15 SP4,mcowley
SLE-20055,488596,suntorytimed,TPM Evaluates,Could Have,Medium,Medium,Request to include a new package: redfish-finder,Medium,SUSE Linux Enterprise Server 15 SP4,sbehlert
SLE-20054,488595,Jeffreycheung,TPM Evaluates,Must Have,High,High,efibootmgr: Include support for creating and displaying NVMe-oF TCP device paths,High,SUSE Linux Enterprise Server 15 SP4,sbehlert
SLE-20048,488562,aginies,In Progress,Wish to Have,Low,,[DOC] dracut modules with virtualization drivers,,SUSE Linux Enterprise Server 15 SP4,ykornilov
SLE-20043,488554,rtsvetkov,In Progress,Should Have,Medium,Low,Support switching DFS target servers without unmounting and remounting cifsfs,High,SUSE Linux Enterprise Server 15 SP4,sbehlert
SLE-20040,488551,suntorytimed,Rejected,Must Have,Low,Low,upgrade sysuser-tools,Low,SUSE Linux Enterprise Server 15 SP4,sbehlert
SLE-20039,488550,fcrozat,In Progress,Must Have,Low,Low,libxkbcommon upgrade,Low,SUSE Linux Enterprise Server 15 SP4,sbehlert
SLE-20022,488366,suntorytimed,Ready to release,Must Have,Low,Low,upgrade polkit-default-privs,Low,SUSE Linux Enterprise Server 15 SP4,sbehlert
SLE-20021,488365,suntorytimed,In Progress,Must Have,Low,Low,ship python36-dataclasses,Low,SUSE Linux Enterprise Server 15 SP4,sbehlert
SLE-20017,488350,suntorytimed,Ready to release,Must Have,Low,Low,rpm macros from rpm 4.15,Medium,SUSE Linux Enterprise Server 15 SP4,sbehlert
SLE-20016,488323,suntorytimed,In Progress,Must Have,Low,Medium,upgrade keyutils >= 1.6.0,Low,SUSE Linux Enterprise Server 15 SP4,sbehlert
SLE-20015,488322,suntorytimed,In Progress,Must Have,Low,Medium,udisks2 upgrade,Low,SUSE Linux Enterprise Server 15 SP4,sbehlert
SLE-20014,488321,suntorytimed,In Progress,Must Have,Low,Low,gpgme upgrade,Medium,SUSE Linux Enterprise Server 15 SP4,sbehlert
SLE-20012,488317,suntorytimed,In Progress,Must Have,Low,Low,upgrade icu >= 67.1,Low,SUSE Linux Enterprise Server 15 SP4,sbehlert
SLE-20011,488316,fcrozat,Rejected,Must Have,Low,Low,ship xorgproto package,Low,SUSE Linux Enterprise Server 15 SP4,sbehlert
SLE-20005,488164,LPechacek,Ready to release,Should Have,,,[SLES15 SP4] Eagle Stream Platform Support,,SUSE Linux Enterprise Server 15 SP4,sbehlert
SLE-20001,488156,Jeffreycheung,Ready to release,Should Have,,,PCIe Link Encryption,,SUSE Linux Enterprise Server 15 SP4,sahmad
SLE-19995,488127,Jeffreycheung,In Progress,Should Have,Medium,,Implement ACPI v6.4,,SUSE Linux Enterprise Server 15 SP4,sbehlert
SLE-19993,488125,Jeffreycheung,TPM Evaluates,Could Have,,,Recovery OS through new HTTP network stack in UEFI,,SUSE Linux Enterprise Server 15 SP4,sbehlert
SLE-19992,488124,suntorytimed,Rejected,Should Have,,,Redfish Implementation,,SUSE Linux Enterprise Server 15 SP4,sbehlert
SLE-19968,488057,suntorytimed,TPM Evaluates,Could Have,,,maintain rpmlint properly,,SUSE Linux Enterprise Server 15 SP4,msvec
SLE-19967,488056,suntorytimed,In Progress,Should Have,Low,Low,Update python-rpm-macros,Low,SUSE Linux Enterprise Server 15 SP4,msvec
SLE-19966,488055,fcrozat,In Progress,Must Have,Low,Medium,gstreamer update 1.20.x,High,SUSE Linux Enterprise Server 15 SP4,sbehlert
SLE-20185,489220,Jeffreycheung,In Progress,Could Have,Medium,Medium,Include support for TLSv1.3 in Linux Kernel to support NVMe-oF Encryption - TP 8011,Medium,SUSE Linux Enterprise Server 15 SP4,sbehlert
SLE-20184,489219,Jeffreycheung,In Progress,Must Have,Medium,High,NVMe: Include libnvme package in SLES 15 SP4,High,SUSE Linux Enterprise Server 15 SP4,sbehlert
SLE-20183,489216,Jeffreycheung,In Progress,Could Have,Medium,Medium,NVMe-oF TCP: In-band authentication support - TP8006,Medium,SUSE Linux Enterprise Server 15 SP4,sbehlert
SLE-20180,489209,suntorytimed,Ready to release,Should Have,Low,Medium,Test Epic for TL Evaluation Demo,Medium,SUSE Linux Enterprise Server 15 SP4,suntorytimed
SLE-20148,489019,a_faerber,Ready to release,Could Have,Medium,Medium,ISP1763 support - MPS3 USB kernel driver,Medium,SUSE Linux Enterprise Server 15 SP4,drdavis
SLE-20100,488900,lkocman,In Progress,Could Have,Low,,Cobbler/Pulp repo manager - drpm support,,SUSE Linux Enterprise Server 15 SP4,msvec
SLE-20098,488897,a_faerber,TPM Evaluates,Could Have,Medium,Low,Support Kunpeng CPU core isolation on error,Medium,SUSE Linux Enterprise Server 15 SP4,msvec
SLE-20097,488896,a_faerber,TPM Evaluates,Should Have,Low,Low,Huawei Kunpeng PMU new driver and perf event update,Low,SUSE Linux Enterprise Server 15 SP4,kdupke
SLE-20096,488895,a_faerber,TPM Evaluates,Should Have,Medium,Medium,Huawei Kunpeng IOMMU update,Medium,SUSE Linux Enterprise Server 15 SP4,msvec
SLE-20078,488873,Jeffreycheung,Rejected,Should Have,,,CXL Support (.IO) v1.1. and v 2.0,,SUSE Linux Enterprise Server 15 SP4,sahmad
SLE-20074,488869,Jeffreycheung,Rejected,Should Have,,,Range Encryption,,SUSE Linux Enterprise Server 15 SP4,sahmad
SLE-19925,487751,Jeffreycheung,Rejected,Could Have,,,AMD SEV-SNP Host support,,SUSE Linux Enterprise Server 15 SP4,drdavis
SLE-19924,487750,Jeffreycheung,In Progress,Could Have,,,AMD SEV-SNP Guest support,,SUSE Linux Enterprise Server 15 SP4,drdavis
SLE-19923,487749,Jeffreycheung,Ready to release,Should Have,High,High,AMD SEV-ES Host support,High,SUSE Linux Enterprise Server 15 SP4,drdavis
SLE-19922,487745,Jeffreycheung,Ready to release,Could Have,High,Medium,AMD GPU Dimgrey Cavefish support,High,SUSE Linux Enterprise Server 15 SP4,drdavis
SLE-19921,487744,Jeffreycheung,Ready to release,Could Have,High,Medium,AMD GPU Beige Goby support,High,SUSE Linux Enterprise Server 15 SP4,drdavis
SLE-19920,487743,Jeffreycheung,Ready to release,Could Have,High,Medium,AMD GPU Yellow Carp support,High,SUSE Linux Enterprise Server 15 SP4,drdavis
SLE-19919,487742,Jeffreycheung,Ready to release,Could Have,High,Medium,AMD GPU Green Sardine support,High,SUSE Linux Enterprise Server 15 SP4,drdavis
SLE-22865,503112,fcrozat,TPM Evaluates,Should Have,Low,,Update libvpx in SLE15-SP4,,SUSE Linux Enterprise Server 15 SP4,msvec
SLE-22856,503094,admehmood,TPM Evaluates,Should Have,Medium,Medium,Upgrade Prometheus package to version 2.31,,SUSE Linux Enterprise Server 15 SP4,BLandorff
SLE-22855,503090,ihno,TPM Evaluates,Must Have,High,High,Tool to persistently configure vfio-ap devices - s390-tools part,High,SUSE Linux Enterprise Server 15 SP4,mcowley
SLE-22854,503088,ihno,TPM Evaluates,Must Have,High,High,KVM: Secure Execution Attestation Userspace Tool (s390-tools),High,SUSE Linux Enterprise Server 15 SP4,mcowley
SLE-22853,503087,ihno,TPM Evaluates,Must Have,High,High,openCryptoki ep11 token: vendor specific key derivation,High,SUSE Linux Enterprise Server 15 SP4,mcowley
SLE-22831,502941,aginies,In Progress,Must Have,Medium,Medium,Support SEV instance live migration in GCE,High,SUSE Linux Enterprise Server 15 SP4,ykornilov
SLE-22730,502687,aginies,Ready to release,Should Have,Medium,,"[HPC] open firewall port for munge, slurm, dolly",,SUSE Linux Enterprise Server 15 SP4,msvec
SLE-22725,502670,Jeffreycheung,In Progress,Could Have,,,ADL-P graphics update,,SUSE Linux Enterprise Server 15 SP4,macrue
SLE-22724,502669,Jeffreycheung,Ready to release,Could Have,,,ADL-S graphics update,,SUSE Linux Enterprise Server 15 SP4,macrue
SLE-22721,502666,Jeffreycheung,Ready to release,Could Have,,,Intel Speed Select: SPR 4 + sockets support,,SUSE Linux Enterprise Server 15 SP4,macrue
SLE-22720,502665,Jeffreycheung,Ready to release,Could Have,,,Intel Speed Select: Optimize CPU to PCI device mapping,,SUSE Linux Enterprise Server 15 SP4,macrue
SLE-22704,502596,gameboy974,In Progress,Should Have,Medium,Medium,Enable AppArmor by default on JeOS images,,SUSE Linux Enterprise Server 15 SP4,msvec
SLE-22694,502497,gameboy974,TPM Evaluates,Should Have,Medium,Low,"Add the tool ""reg"" to the SLE Containers module (SLE 15 SP4)",Medium,SUSE Linux Enterprise Server 15 SP4,msvec
SLE-22690,502487,Jeffreycheung,In Progress,Should Have,Medium,High,Add Realtek RTL8821CE WiFi chip support both in SLES15 SP3 and SP4,High,SUSE Linux Enterprise Server 15 SP4,msvec
SLE-22676,502109,Jeffreycheung,In Progress,Should Have,High,,hwmon: (k10temp) Add support for Zen3 CPUs (Milan),High,SUSE Linux Enterprise Server 15 SP4,drdavis
SLE-21333,492961,suntorytimed,TPM Evaluates,Could Have,Medium,Low,make zypper logging configurable,Medium,SUSE Linux Enterprise Server 15 SP4,msvec
SLE-21332,492957,fcrozat,TPM Evaluates,Should Have,Low,,15 SP4 xdg-utils update,,SUSE Linux Enterprise Server 15 SP4,msvec
SLE-21329,492954,suntorytimed,In Progress,Should Have,Medium,,[tech preview] zypper single transaction performance enhancement (RFE),,SUSE Linux Enterprise Server 15 SP4,msvec
SLE-21321,492861,suntorytimed,In Progress,Should Have,Low,,Update cmake for 15 SP4,,SUSE Linux Enterprise Server 15 SP4,msvec
SLE-21315,492796,Jeffreycheung,Ready to release,Should Have,Medium,Medium,Support PTDMA for NTB,Medium,SUSE Linux Enterprise Server 15 SP4,drdavis
SLE-21259,492661,suntorytimed,In Progress,Should Have,Low,,Remove nodejs12 from SLE15 SP4,,SUSE Linux Enterprise Server 15 SP4,msvec
SLE-21256,492641,suntorytimed,In Progress,Should Have,Medium,,Enable zstd compression for kernel modules,,SUSE Linux Enterprise Server 15 SP4,msvec
SLE-21255,492640,suntorytimed,In Progress,Could Have,Low,,Update libxml2 and libxslt to the latest version in SLE-15-SP4,,SUSE Linux Enterprise Server 15 SP4,msvec
SLE-21254,492639,suntorytimed,In Progress,Could Have,Low,,Update logrotate to the latest version in SLE-15-SP4,,SUSE Linux Enterprise Server 15 SP4,msvec
SLE-21253,492638,suntorytimed,In Progress,Could Have,Low,,Update expat to the latest version in SLE-15-SP4,,SUSE Linux Enterprise Server 15 SP4,msvec
SLE-21252,492637,suntorytimed,In Progress,Could Have,Low,,Update rsync to the latest version in SLE-15-SP4,,SUSE Linux Enterprise Server 15 SP4,msvec
SLE-21251,492636,suntorytimed,In Progress,Could Have,Low,,Update tcpdump and libpcap to the latest version in SLE-15-SP4,,SUSE Linux Enterprise Server 15 SP4,msvec
SLE-21237,492605,suntorytimed,In Progress,Could Have,Medium,,freeradius-server update to latest in SP4,,SUSE Linux Enterprise Server 15 SP4,msvec
SLE-21236,492604,suntorytimed,In Progress,Should Have,Medium,,Add nodejs16 to Web and Scripting module,,SUSE Linux Enterprise Server 15 SP4,msvec
SLE-21233,492601,suntorytimed,TPM Evaluates,Should Have,Low,,Update nodejs-common for SLE15 SP4,,SUSE Linux Enterprise Server 15 SP4,msvec
SLE-21225,492571,rtsvetkov,In Progress,Could Have,Low,,"New option for adcli : ""--dont-expire-password=yes|no|true|false""",,SUSE Linux Enterprise Server 15 SP4,msvec
SLE-21578,493690,ta-ro,In Progress,Should Have,Medium,,[PROCESS][RN] Make SLES Release Notes more accessible to partners,,SUSE Linux Enterprise Server 15 SP4,msvec
SLE-20820,491174,suntorytimed,TPM Evaluates,Could Have,Low,Low,talking about slaves,Medium,SUSE Linux Enterprise Server 15 SP4,msvec
SLE-20810,491154,suntorytimed,TPM Evaluates,Should Have,Medium,,Update redis to its latest stable version,,SUSE Linux Enterprise Server 15 SP4,msvec
SLE-20734,490901,ihno,In Progress,Must Have,High,High,Upgrade libgcrypt to latest version >= 1.9.x (crypto),High,SUSE Linux Enterprise Server 15 SP4,mcowley
SLE-20733,490900,ihno,In Progress,Must Have,High,High,Upgrade nettle to latest version >= 3.7.4 (crypto),High,SUSE Linux Enterprise Server 15 SP4,mcowley
SLE-20728,490894,Jeffreycheung,Ready to release,Should Have,Medium,Medium,Support configurable stripe size for MD RAID5,Medium,SUSE Linux Enterprise Server 15 SP4,sbehlert
SLE-20712,490878,a_faerber,Ready to release,Should Have,,,Update the rshim from v2.0.5.8.3-bp153.1.8 to rshim-2.0.5-9.1,,SUSE Linux Enterprise Server 15 SP4,poswald
SLE-20679,490842,suntorytimed,In Progress,Should Have,Low,,bump stunnel to 5.59 ,,SUSE Linux Enterprise Server 15 SP4,msvec
SLE-20673,490832,suntorytimed,In Progress,Should Have,High,Medium,Provide the recent PostgreSQL release (14.x) with SLE 15 SP4,Medium,SUSE Linux Enterprise Server 15 SP4,msvec
SLE-20671,490830,suntorytimed,In Progress,Should Have,High,Medium,Provide the recent MariaDB release (10.6) with SLE 15 SP4,Medium,SUSE Linux Enterprise Server 15 SP4,msvec
SLE-20647,490762,aherzig,Rejected,Must Have,Medium,High,Customer wants SSSD on SLES to support AD over LDAPS like RHEL supports,Very High,SUSE Linux Enterprise Server 15 SP4,msvec
SLE-20639,490530,LPechacek,In Progress,Should Have,Low,,suse-module-tools: move modprobe.d and depmod.d config files from /etc to /lib,,SUSE Linux Enterprise Server 15 SP4,msvec
SLE-20638,490529,msmeissn,Released,Must Have,Low,High,Provide pam_faillock to SLE12 and SLE15,Medium,SUSE Linux Enterprise Server 15 SP4,ktrepte
SLE-20587,490451,suntorytimed,In Progress,Should Have,Medium,,Provide Detailed Information on SP Changes on Package Level,,SUSE Linux Enterprise Server 15 SP4,msvec
SLE-20582,490369,Jeffreycheung,Ready to release,Could Have,Low,,Bug fixes in ipoib and potential security related fixes,,SUSE Linux Enterprise Server 15 SP4,huizhizhao
SLE-20581,490368,Jeffreycheung,Ready to release,Could Have,Medium,,Update libfabrics to get access to OPX provider,,SUSE Linux Enterprise Server 15 SP4,huizhizhao
SLE-20580,490367,Jeffreycheung,Ready to release,Should Have,Medium,,Update PSM2 library to have access to GPU updates and bug fixes,,SUSE Linux Enterprise Server 15 SP4,huizhizhao
SLE-20579,490366,Jeffreycheung,Ready to release,Should Have,Medium,,Update fast fabric tools to provide additional reporting capability,,SUSE Linux Enterprise Server 15 SP4,huizhizhao
SLE-20578,490365,Jeffreycheung,Ready to release,Could Have,Low,,Fix gcc problems with opa-fm and ipoib stability improvements,,SUSE Linux Enterprise Server 15 SP4,huizhizhao
SLE-20577,490358,suntorytimed,In Progress,Should Have,Medium,,Update Samba to 4.15,,SUSE Linux Enterprise Server 15 SP4,msvec
SLE-20563,490342,suntorytimed,In Progress,Should Have,Low,Medium,"YaST has to assign subuids/subgids, like useradd",Medium,SUSE Linux Enterprise Server 15 SP4,msvec
SLE-20552,490331,suntorytimed,Rejected,Should Have,Low,,Create warning check in Autoyast for UEFI boot partition sizes below 256 MB,,SUSE Linux Enterprise Server 15 SP4,msvec
SLE-20547,490324,suntorytimed,In Progress,Could Have,Medium,,A way to choose between dark and light mode depending on customer needs,,SUSE Linux Enterprise Server 15 SP4,msvec
SLE-20538,490311,Jeffreycheung,Ready to release,Could Have,,,[ADL-M] Alder Lake-M Audio Support,,SUSE Linux Enterprise Server 15 SP4,macrue
SLE-20535,490307,suntorytimed,TPM Evaluates,Should Have,Low,,Improved booting from remote disks,,SUSE Linux Enterprise Server 15 SP4,msvec
SLE-20533,490304,suntorytimed,In Progress,Wish to Have,Low,Low,Customer wants ability to control which kernel the GRUB2 menu entry SLES 15-SP2 loads,,SUSE Linux Enterprise Server 15 SP4,msvec
SLE-21179,492374,suntorytimed,In Progress,Could Have,Low,,Update lftp to version 4.9.2,,SUSE Linux Enterprise Server 15 SP4,msvec
SLE-21178,492373,suntorytimed,In Progress,Could Have,Low,,Update fdupes to 2.1.2,,SUSE Linux Enterprise Server 15 SP4,msvec
SLE-21177,492372,suntorytimed,In Progress,Could Have,Low,,Update mlocate to Factory version,,SUSE Linux Enterprise Server 15 SP4,msvec
SLE-21176,492371,suntorytimed,In Progress,Could Have,Low,,Update haveged to version 1.9.14,,SUSE Linux Enterprise Server 15 SP4,msvec
SLE-21175,492370,suntorytimed,In Progress,Could Have,Low,,Update netcat-openbsd to version 1.203,,SUSE Linux Enterprise Server 15 SP4,msvec
SLE-21174,492369,suntorytimed,In Progress,Could Have,Low,,Update re2c to version 2.1.1,,SUSE Linux Enterprise Server 15 SP4,msvec
SLE-21173,492368,suntorytimed,In Progress,Could Have,Low,,Update usb_modeswitch to version 2.6.1,,SUSE Linux Enterprise Server 15 SP4,msvec
SLE-21172,492367,suntorytimed,In Progress,Could Have,Low,,Update bonnie to version 1.6,,SUSE Linux Enterprise Server 15 SP4,msvec
SLE-21171,492366,suntorytimed,In Progress,Could Have,Low,,Update ed to version 1.17,,SUSE Linux Enterprise Server 15 SP4,msvec
SLE-21170,492365,suntorytimed,In Progress,Could Have,Low,,Update vsftpd to version 3.0.4,,SUSE Linux Enterprise Server 15 SP4,msvec
SLE-21167,492246,suntorytimed,In Progress,Should Have,Medium,,refresh all python-* packages in SLE-15 with the Factory versions,,SUSE Linux Enterprise Server 15 SP4,msvec
SLE-21166,492243,Jeffreycheung,Ready to release,Could Have,,,ADL Thermal Support,,SUSE Linux Enterprise Server 15 SP4,macrue
SLE-21158,492234,katiarojas,In Progress,Must Have,Low,Medium,FIPS 140-3: make OpenJDK be able to use the NSS certified crypto,Medium,SUSE Linux Enterprise Server 15 SP4,ktrepte
SLE-21157,492233,msmeissn,In Progress,Must Have,High,High,FIPS: implement the IPSEC KDF for strongswan in openssl,Very High,SUSE Linux Enterprise Server 15 SP4,ktrepte
SLE-21134,492196,aginies,In Progress,Should Have,Medium,Medium,KVM host secure boot support for VMs,Medium,SUSE Linux Enterprise Server 15 SP4,ykornilov
SLE-21132,492193,katiarojas,In Progress,Must Have,Low,High,FIPS 140-3: make Kernel module ready for certification process,Very High,SUSE Linux Enterprise Server 15 SP4,ktrepte
SLE-21130,492191,katiarojas,In Progress,Must Have,Low,High,FIPS 140-3: make Mozilla-NSS module ready for certification process,Very High,SUSE Linux Enterprise Server 15 SP4,ktrepte
SLE-21128,492189,katiarojas,In Progress,Must Have,Low,High,FIPS 140-3: make Libgcrypt module ready for certification process,Very High,SUSE Linux Enterprise Server 15 SP4,ktrepte
SLE-21126,492187,katiarojas,In Progress,Must Have,Low,High,FIPS 140-3: make GnuTLS and Libnettle module ready for certification process,Very High,SUSE Linux Enterprise Server 15 SP4,ktrepte
SLE-21124,492184,katiarojas,In Progress,Must Have,Low,High,FIPS 140-3: make Openssl module ready for certification process,Very High,SUSE Linux Enterprise Server 15 SP4,ktrepte
SLE-21117,492170,suntorytimed,In Progress,Could Have,Low,,sle15sp4: Update nmap to 7.92,,SUSE Linux Enterprise Server 15 SP4,msvec
SLE-21116,492169,suntorytimed,In Progress,Should Have,Low,,Update UPS packages,,SUSE Linux Enterprise Server 15 SP4,msvec
SLE-21115,492168,suntorytimed,TPM Evaluates,Wish to Have,Low,,Change spec style for util-linux from multi-spec to multibuild,,SUSE Linux Enterprise Server 15 SP4,msvec
SLE-21114,492167,suntorytimed,In Progress,Could Have,Low,,Update libgpg-error to the latest version in SLE-15-SP4,,SUSE Linux Enterprise Server 15 SP4,msvec
SLE-21113,492166,suntorytimed,In Progress,Should Have,Low,,Update libusb-1_0 and libusb-compat,,SUSE Linux Enterprise Server 15 SP4,msvec
SLE-21111,492164,suntorytimed,In Progress,Should Have,Low,,Upgrade util-linux to deliver lastest features and fixes,,SUSE Linux Enterprise Server 15 SP4,msvec
SLE-21109,492162,suntorytimed,In Progress,Should Have,Low,,Update groff,,SUSE Linux Enterprise Server 15 SP4,msvec
SLE-21108,492161,suntorytimed,In Progress,Could Have,Low,,sles15sp4: Update libnftnl to 1.2.0,,SUSE Linux Enterprise Server 15 SP4,msvec
SLE-21107,492160,suntorytimed,In Progress,Should Have,Low,,Update kbd,,SUSE Linux Enterprise Server 15 SP4,msvec
SLE-21106,492159,suntorytimed,In Progress,Could Have,Low,,Update yaml-cpp,,SUSE Linux Enterprise Server 15 SP4,msvec
SLE-21102,492155,suntorytimed,In Progress,Could Have,Low,,sles15sp4: Update libarchive to 3.5.2,,SUSE Linux Enterprise Server 15 SP4,msvec
SLE-21101,492154,suntorytimed,In Progress,Could Have,Low,,sles15sp4: Update whois to 5.5.10,,SUSE Linux Enterprise Server 15 SP4,msvec
SLE-21100,492153,suntorytimed,In Progress,Should Have,Low,,Update smartmontools to the latest version,,SUSE Linux Enterprise Server 15 SP4,msvec
SLE-21060,491960,Jeffreycheung,Ready to release,Could Have,Medium,,Deprecate opa-fmgui,,SUSE Linux Enterprise Server 15 SP4,huizhizhao
SLE-21059,491955,suntorytimed,In Progress,Should Have,Low,,sle15sp4: Update apache2-mod_security2 to 2.9.4,,SUSE Linux Enterprise Server 15 SP4,msvec
SLE-21058,491954,Jeffreycheung,Rejected,Could Have,Low,,"The default boost version is rather old, a newer default would be beneficial",,SUSE Linux Enterprise Server 15 SP4,msvec
SLE-21560,493653,aginies,In Progress,Could Have,Medium,,add support for SPICE guest agent in installer,,SUSE Linux Enterprise Server 15 SP4,ykornilov
SLE-21551,493523,Jeffreycheung,Ready to release,Could Have,Low,,Include python-dasbus pacakge in SLES 15 SP4,,SUSE Linux Enterprise Server 15 SP4,sbehlert
SLE-21537,493502,aginies,In Progress,Could Have,Medium,,Prefer UEFI when creating new virtual machines,,SUSE Linux Enterprise Server 15 SP4,msvec
SLE-21526,493266,suntorytimed,In Progress,Should Have,Low,,update strace,,SUSE Linux Enterprise Server 15 SP4,msvec
SLE-21525,493265,suntorytimed,In Progress,Should Have,Medium,,Update pam_u2f to 1.1.1 (or later),,SUSE Linux Enterprise Server 15 SP4,msvec
SLE-21524,493263,rtsvetkov,Ready to release,Should Have,Medium,Medium,Request for new rsyslog version (8.2104.0),Medium,SUSE Linux Enterprise Server 15 SP4,msvec
SLE-20931,491469,fcrozat,In Progress,Must Have,Low,,reduce rpm package dependency,,SUSE Linux Enterprise Server 15 SP4,msvec
SLE-20930,491468,aherzig,In Progress,Must Have,High,Medium,The SLE BCI is larger than competitors ,Medium,SUSE Linux Enterprise Server 15 SP4,msvec
SLE-20928,491464,suntorytimed,In Progress,Should Have,Medium,Medium,autoyast grub2 password protection,High,SUSE Linux Enterprise Server 15 SP4,msvec
SLE-20926,491457,suntorytimed,In Progress,Should Have,Medium,,Support unified cgroup hierarchy,,SUSE Linux Enterprise Server 15 SP4,msvec
SLE-20925,491454,fcrozat,Rejected,Should Have,,,Request to python-ipython715 on SLE 15 SP4.,,SUSE Linux Enterprise Server 15 SP4,sbehlert
SLE-20924,491453,suntorytimed,In Progress,Could Have,Medium,,Simplify the YaST wireless configuration and support multiple networks,,SUSE Linux Enterprise Server 15 SP4,sbehlert
SLE-20923,491452,fcrozat,TPM Evaluates,Could Have,,,Remove libmodman package on SLE-15-SP4.,,SUSE Linux Enterprise Server 15 SP4,sbehlert
SLE-20908,491328,ta-ro,In Progress,Must Have,Medium,Low,document lifecycles and support of various components in SLE  better,Medium,SUSE Linux Enterprise Server 15 SP4,msvec
SLE-20907,491327,Jeffreycheung,In Progress,Could Have,Medium,,[SLES15 SP4 Feat] Intel QAT Update - QATEngine ,,SUSE Linux Enterprise Server 15 SP4,msvec
SLE-20906,491326,Jeffreycheung,In Progress,Could Have,Medium,,[SLES15 SP4 Feat] Intel QAT Update - QATZip,,SUSE Linux Enterprise Server 15 SP4,msvec
SLE-20855,491229,ihno,In Progress,Must Have,High,High,KVM: Enable vfio-ccw and vfio-ap in virt-* tools (virt-manager),High,SUSE Linux Enterprise Server 15 SP4,mcowley
SLE-21050,491922,suntorytimed,In Progress,Could Have,Low,,sle15sp4: Update adns to 1.6.0,,SUSE Linux Enterprise Server 15 SP4,msvec
SLE-21049,491921,suntorytimed,In Progress,Should Have,Low,,sle15sp4: Update tar to 1.34,,SUSE Linux Enterprise Server 15 SP4,msvec
SLE-21048,491920,suntorytimed,In Progress,Could Have,Low,,sle15sp4: Update bzip2 to 1.0.8,,SUSE Linux Enterprise Server 15 SP4,msvec
SLE-21047,491919,suntorytimed,In Progress,Could Have,Low,,Update curl to the latest version in SLE-15-SP4,,SUSE Linux Enterprise Server 15 SP4,msvec
SLE-21046,491918,suntorytimed,In Progress,Wish to Have,Low,,sle15sp4: Update hdparm to 9.62,,SUSE Linux Enterprise Server 15 SP4,msvec
SLE-21045,491917,suntorytimed,In Progress,Could Have,Low,,sle15sp4: Update at to the newer version,,SUSE Linux Enterprise Server 15 SP4,msvec
SLE-21044,491916,Jeffreycheung,In Progress,Should Have,Medium,,Update fwupd,,SUSE Linux Enterprise Server 15 SP4,msvec
SLE-21042,491909,suntorytimed,In Progress,Should Have,Medium,Medium,Make AppArmor or SELinux Story Finally Great,,SUSE Linux Enterprise Server 15 SP4,msvec
SLE-21037,491892,suntorytimed,In Progress,Should Have,Low,Medium,Update subversion to 1.14.1 in SLE15-SP4,Low,SUSE Linux Enterprise Server 15 SP4,msvec
SLE-21036,491891,suntorytimed,In Progress,Could Have,Low,Low,Update less to 590,Low,SUSE Linux Enterprise Server 15 SP4,msvec
SLE-21035,491890,suntorytimed,In Progress,Could Have,Low,Low,Update dump to 0.4b47,Low,SUSE Linux Enterprise Server 15 SP4,msvec
SLE-21034,491889,suntorytimed,In Progress,Could Have,Low,Low,Update cpio to 2.13,Low,SUSE Linux Enterprise Server 15 SP4,msvec
SLE-21033,491888,suntorytimed,Rejected,Could Have,Low,Low,Update libidn to 1.38 in SLE15-SP4,Low,SUSE Linux Enterprise Server 15 SP4,msvec
SLE-21017,491745,rtsvetkov,In Progress,Should Have,Medium,High,The tcl package in SLES 12 & 15 is over 4 years old (8.6.7) and 8.6.9 is a support requirement for ISV application on SLES.,Very High,SUSE Linux Enterprise Server 15 SP4,msvec
SLE-21014,491741,suntorytimed,In Progress,Could Have,Low,,Update augeas to 1.12.0,,SUSE Linux Enterprise Server 15 SP4,msvec
SLE-21013,491739,suntorytimed,In Progress,Could Have,Low,,Update ftgl to 2.4.0,,SUSE Linux Enterprise Server 15 SP4,msvec
SLE-21012,491738,suntorytimed,In Progress,Could Have,Medium,,update glew to 2.2.0,,SUSE Linux Enterprise Server 15 SP4,msvec
SLE-20960,491660,suntorytimed,In Progress,Could Have,Low,,15sp4: version update of ImageMagick to 7.1.newest,,SUSE Linux Enterprise Server 15 SP4,msvec
SLE-20959,491659,suntorytimed,In Progress,Could Have,Low,,15sp4: version update of libjpeg-turbo to 2.1.newest,,SUSE Linux Enterprise Server 15 SP4,msvec
SLE-20958,491658,suntorytimed,In Progress,Could Have,Low,,15sp4: version update of php7 to 7.4.newest,,SUSE Linux Enterprise Server 15 SP4,msvec
SLE-20957,491657,suntorytimed,In Progress,Could Have,Low,,15sp4: version update of mtools to 4.0.newest,,SUSE Linux Enterprise Server 15 SP4,msvec
SLE-20956,491656,suntorytimed,In Progress,Could Have,Low,,15sp4: version update of lz4 to 1.9.newest,,SUSE Linux Enterprise Server 15 SP4,msvec
SLE-20955,491655,suntorytimed,In Progress,Could Have,Low,,15sp4: version update of libzip to 1.8.newest,,SUSE Linux Enterprise Server 15 SP4,msvec
SLE-20954,491654,suntorytimed,In Progress,Could Have,Low,,15sp4: version update of libraw to 20.0.newest,,SUSE Linux Enterprise Server 15 SP4,msvec
SLE-20953,491653,suntorytimed,In Progress,Should Have,Medium,,15sp4: version update of apache2 to 2.4.newest,,SUSE Linux Enterprise Server 15 SP4,msvec
SLE-22664,501467,ta-ro,In Progress,Should Have,Low,Low,XFS deprecates V4 format,Medium,SUSE Linux Enterprise Server 15 SP4,msvec
SLE-22653,501371,aginies,In Progress,Must Have,High,Medium,Virtualized TPM (vTPM) support in the context of Windows 2022 SVVP - Xen,Medium,SUSE Linux Enterprise Server 15 SP4,ykornilov
SLE-22652,501370,aginies,In Progress,Must Have,High,Medium,Virtualized TPM (vTPM) support in the context of Windows 2022 SVVP - KVM,Medium,SUSE Linux Enterprise Server 15 SP4,ykornilov
SLE-22616,501170,a_faerber,Ready to release,Should Have,Medium,Low,Ship and support Rockchip RK3399 PWM driver,Low,SUSE Linux Enterprise Server 15 SP4,msvec
SLE-22601,501097,Jeffreycheung,Ready to release,Could Have,,,Elkhart Lake and Jasper Lake Graphics enabling,,SUSE Linux Enterprise Server 15 SP4,macrue
SLE-22575,500887,msmeissn,In Progress,Must Have,Low,Low,Disable unprivileged eBPF due to security issues,Medium,SUSE Linux Enterprise Server 15 SP4,msvec
SLE-22543,500767,suntorytimed,In Progress,Should Have,Low,,Customer Requests to include the package libibn-tools again in SLES15SP4,Very High,SUSE Linux Enterprise Server 15 SP4,msvec
SLE-22542,500766,suntorytimed,In Progress,Should Have,Medium,,Update Efibootmgr to v17+,,SUSE Linux Enterprise Server 15 SP4,msvec
SLE-22290,498097,suntorytimed,In Progress,Should Have,Medium,,Improve rust developer tools,,SUSE Linux Enterprise Server 15 SP4,msvec
SLE-22289,498095,suntorytimed,In Progress,Should Have,Medium,,Update squid to current stable branch in SLE15 SP4,,SUSE Linux Enterprise Server 15 SP4,msvec
SLE-22253,497988,ihno,In Progress,Must Have,High,High,BINUTILS: Support for new IBM Z Hardware - GDB Part,High,SUSE Linux Enterprise Server 15 SP4,mcowley
SLE-22250,497974,msmeissn,Rejected,Must Have,Low,High,yast2 bootloader should do TPM support via grub2-tpm.efi,Medium,SUSE Linux Enterprise Server 15 SP4,msvec
SLE-22244,497455,aginies,In Progress,Could Have,,,CPU Features: AMX (TMUL) - KVM and qemu,,SUSE Linux Enterprise Server 15 SP4,macrue
SLE-22233,497319,Jeffreycheung,Ready to release,Must Have,Medium,Medium,ahci: Decouple Dell SW-RAID solution from underlying PCH-RAID device-ids,Medium,SUSE Linux Enterprise Server 15 SP4,LanceOrtiz
SLE-22204,497194,suntorytimed,In Progress,Could Have,Medium,,Update Salt to latest release version (3003.3) in 15 SP4,,SUSE Linux Enterprise Server 15 SP4,msvec
SLE-22187,497152,aherzig,In Progress,Must Have,High,Medium,Enrich SLE BCI repository,Medium,SUSE Linux Enterprise Server 15 SP4,msvec
SLE-22496,500523,ihno,TPM Evaluates,Must Have,High,High,Fix Massive Throughput Degradation with the RoCE Express2 25 GbE Card Permanently,High,SUSE Linux Enterprise Server 15 SP4,mcowley
SLE-22489,500065,a_faerber,TPM Evaluates,Should Have,,Medium,Enable NXP S32G automotive SoC,Medium,SUSE Linux Enterprise Server 15 SP4,joachimwerner
SLE-22479,499981,horon,In Progress,Should Have,Medium,High,inclusion of reset_rmc module for SLES packaged cloudinit,High,SUSE Linux Enterprise Server 15 SP4,msvec
SLE-22478,499979,LPechacek,Ready to release,Could Have,,,[SLES15 SP4 Feat] Intel QAT Update - Kernel,,SUSE Linux Enterprise Server 15 SP4,macrue
SLE-22396,499675,aherzig,In Progress,Should Have,Medium,Medium,BCI: Perl Language Container ,Medium,SUSE Linux Enterprise Server 15 SP4,msvec
SLE-22394,499673,aherzig,In Progress,Should Have,High,,Support BCI images with PHP runtime,,SUSE Linux Enterprise Server 15 SP4,msvec
SLE-22392,499671,aherzig,In Progress,Should Have,Medium,Medium,BCI: Rust Language Container,Medium,SUSE Linux Enterprise Server 15 SP4,msvec
SLE-22390,499668,aherzig,In Progress,Should Have,Medium,Medium,BCI: Ruby Language Container,Medium,SUSE Linux Enterprise Server 15 SP4,msvec
SLE-21924,495754,suntorytimed,In Progress,Should Have,Low,,Update btrfs-progs to v5.14,Medium,SUSE Linux Enterprise Server 15 SP4,msvec
SLE-21914,495393,suntorytimed,In Progress,Should Have,Low,Low,replace bzr with breezy,Low,SUSE Linux Enterprise Server 15 SP4,msvec
SLE-21913,495381,suntorytimed,In Progress,Should Have,Low,,Update sudo to the latest version in SLE15SP4,,SUSE Linux Enterprise Server 15 SP4,msvec
SLE-22296,498182,aginies,Ready to release,Should Have,Low,Low,Deprecate LXC / libvirt-lxc / virt-bootstrap  (SLE 15 SP4),Low,SUSE Linux Enterprise Server 15 SP4,ykornilov
SLE-21874,495160,Jeffreycheung,Ready to release,Could Have,,,Retrieve and print retry_rd_err_log registers for ICX,,SUSE Linux Enterprise Server 15 SP4,macrue
SLE-21873,495150,fcrozat,TPM Evaluates,Could Have,Low,,Find a proper alternative to the hack that prevents the creds to be requested when the power button is pressed within GNOME,,SUSE Linux Enterprise Server 15 SP4,msvec
SLE-21870,495134,Jeffreycheung,TPM Evaluates,Could Have,,,Backport MEMORY_DEVICE_PUBLIC patches to SLES 15 SP4,,SUSE Linux Enterprise Server 15 SP4,drdavis
SLE-19491,486475,Jeffreycheung,Ready to release,Could Have,,,IOMMU: Allow devices to have more than 32 outstanding PRQ,,SUSE Linux Enterprise Server 15 SP4,macrue
SLE-19427,486275,suntorytimed,Rejected,Must Have,Low,Low,Port request for docker/moby patch,Medium,SUSE Linux Enterprise Server 15 SP4,ykornilov
SLE-19303,486049,LPechacek,Ready to release,Could Have,,,[SLES15 SP4] VMD/VROC support,,SUSE Linux Enterprise Server 15 SP4,huizhizhao
SLE-19302,486048,Jeffreycheung,Rejected,Could Have,,,[SLES15 SP4] MKTME support,,SUSE Linux Enterprise Server 15 SP4,huizhizhao
SLE-19300,486046,aginies,Rejected,Could Have,High,,[SLES15 SP4] Support AMD SEV-SNP Feature,,SUSE Linux Enterprise Server 15 SP4,ykornilov
SLE-19299,486045,Jeffreycheung,Ready to release,Could Have,,,Support AST2600 chip,,SUSE Linux Enterprise Server 15 SP4,msvec
SLE-19298,486044,aginies,Rejected,Could Have,,,[SLES15 SP4] HLAT support,,SUSE Linux Enterprise Server 15 SP4,huizhizhao
SLE-19297,486043,LPechacek,Ready to release,Could Have,,,  [SLES15 SP4] CrowPass enabling,,SUSE Linux Enterprise Server 15 SP4,huizhizhao
SLE-19296,486042,aginies,In Progress,Could Have,,,[SLES15 SP4] KVM VM Denial of Service Prevention,,SUSE Linux Enterprise Server 15 SP4,huizhizhao
SLE-19295,486041,aginies,In Progress,Could Have,Medium,,[libvirt] Update libvirt to the latest version,,SUSE Linux Enterprise Server 15 SP4,ykornilov
SLE-19283,485915,holgisms,Ready to release,Must Have,Very High,High,Solarflare needs the sfc driver update with patches going into kernel 5.14,Very High,SUSE Linux Enterprise Server 15 SP4,poswald
SLE-19282,485914,holgisms,Ready to release,Must Have,High,High,Update the Pensando ionic driver,High,SUSE Linux Enterprise Server 15 SP4,poswald
SLE-19281,485913,holgisms,In Progress,Must Have,High,High,Enable NVMe over Fabrics both Fibre Channel and TCP,High,SUSE Linux Enterprise Server 15 SP4,poswald
SLE-19280,485912,holgisms,In Progress,Should Have,High,High,Implement NVMf dispersed namespaces,High,SUSE Linux Enterprise Server 15 SP4,poswald
SLE-19279,485911,holgisms,In Progress,Should Have,High,High,Implement granular NVMf host error recovery on SLES,High,SUSE Linux Enterprise Server 15 SP4,poswald
SLE-19278,485910,holgisms,In Progress,Should Have,High,High,Add auto-reconnect functionality to NVMe/TCP,High,SUSE Linux Enterprise Server 15 SP4,poswald
SLE-19277,485909,holgisms,Ready to release,Must Have,Very High,Very High,Microchip smartpqi driver update,Very High,SUSE Linux Enterprise Server 15 SP4,poswald
SLE-19276,485908,holgisms,Ready to release,Must Have,Very High,High,Microchip hpsa driver update,Very High,SUSE Linux Enterprise Server 15 SP4,poswald
SLE-19275,485907,holgisms,In Progress,Must Have,Very High,High,Update the Microchip pm80xx/pm8001 driver,Very High,SUSE Linux Enterprise Server 15 SP4,poswald
SLE-19274,485906,holgisms,Ready to release,Must Have,High,High,Update the Microchip aacraid driver,High,SUSE Linux Enterprise Server 15 SP4,poswald
SLE-19273,485905,holgisms,In Progress,Should Have,High,High,Update the Microchip pmcraid driver,High,SUSE Linux Enterprise Server 15 SP4,poswald
SLE-19272,485904,holgisms,Ready to release,Must Have,Very High,High,Update the rshim to the most recent,Very High,SUSE Linux Enterprise Server 15 SP4,poswald
SLE-19271,485903,holgisms,In Progress,Must Have,Very High,High,Update iproute2 for Mellanox/Nvidia,Very High,SUSE Linux Enterprise Server 15 SP4,poswald
SLE-19270,485902,holgisms,In Progress,Must Have,High,High,libpacap1 update for Mellanox/Nvidia,Very High,SUSE Linux Enterprise Server 15 SP4,poswald
SLE-19269,485901,holgisms,Ready to release,Must Have,Very High,High,openssl update for Mellanox/Nvidia,Very High,SUSE Linux Enterprise Server 15 SP4,poswald
SLE-19267,485899,holgisms,In Progress,Must Have,Very High,High,Update ethtool including any Mellanox specifics,Very High,SUSE Linux Enterprise Server 15 SP4,poswald
SLE-19266,485898,holgisms,Ready to release,Must Have,Very High,High,Update the ibutils for Mellanox/Nvidia,Very High,SUSE Linux Enterprise Server 15 SP4,poswald
SLE-19265,485897,holgisms,Ready to release,Must Have,Very High,High,Update strongswan for Mellanox/Nvidia,Very High,SUSE Linux Enterprise Server 15 SP4,poswald
SLE-19263,485895,holgisms,In Progress,Must Have,Very High,High,Update the Open-lldpad for Mellanox/Nvidia,Very High,SUSE Linux Enterprise Server 15 SP4,poswald
SLE-19262,485894,holgisms,Ready to release,Must Have,Very High,High,Update linuxptp for Mellanox/Nvidia,Very High,SUSE Linux Enterprise Server 15 SP4,poswald
SLE-19261,485893,holgisms,Ready to release,Must Have,Very High,High,Update the mstflint for Mellanox/Nvidia,Very High,SUSE Linux Enterprise Server 15 SP4,poswald
SLE-19260,485892,holgisms,Ready to release,Must Have,Very High,High,Update ucx (openucx) Mellanox/Nvidia,Very High,SUSE Linux Enterprise Server 15 SP4,poswald
SLE-19259,485891,holgisms,Ready to release,Must Have,Very High,High,Update the Mellanox/Nvidia libvma parts,Very High,SUSE Linux Enterprise Server 15 SP4,poswald
SLE-19258,485890,holgisms,Ready to release,Must Have,Very High,High,DPDK update to the latest upstream,Very High,SUSE Linux Enterprise Server 15 SP4,poswald
SLE-19257,485889,holgisms,Ready to release,Must Have,Very High,High,Update OVS so it reflects the most recent stable release,Very High,SUSE Linux Enterprise Server 15 SP4,poswald
SLE-19256,485888,holgisms,Ready to release,Must Have,Very High,High,Update the Mellanox/NVIDIA mlx4_en driver,Very High,SUSE Linux Enterprise Server 15 SP4,poswald
SLE-19255,485887,holgisms,Ready to release,Must Have,Very High,High,Update the Mellanox/NVIDIA mlx4_ib driver,Very High,SUSE Linux Enterprise Server 15 SP4,poswald
SLE-19254,485886,holgisms,Ready to release,Must Have,Very High,High,Update the Mellanox/NVIDIA mlx4_core,Very High,SUSE Linux Enterprise Server 15 SP4,poswald
SLE-19253,485885,holgisms,Ready to release,Must Have,Very High,High,Update the Mellanox/Nvidia mlx5_core driver,Very High,SUSE Linux Enterprise Server 15 SP4,poswald
SLE-19252,485884,holgisms,Ready to release,Must Have,Very High,High,Update opensm for Mellanox/NVIDIA,Very High,SUSE Linux Enterprise Server 15 SP4,poswald
SLE-19251,485883,holgisms,Ready to release,Should Have,High,High,Update the perftest for Mellanox/NVIDIA,High,SUSE Linux Enterprise Server 15 SP4,poswald
SLE-19250,485882,holgisms,Ready to release,Must Have,Very High,High,Update the Mellanox/NVIDIA mlx5_ib driver,Very High,SUSE Linux Enterprise Server 15 SP4,poswald
SLE-19249,485880,holgisms,Ready to release,Must Have,Very High,High,Update the rdma core for Mellanox/NVIDIA,Very High,SUSE Linux Enterprise Server 15 SP4,poswald
SLE-19248,485879,a_faerber,Ready to release,Should Have,Very High,High,Update the Mellanox/NVIDIA BlueField-2 SoC,Very High,SUSE Linux Enterprise Server 15 SP4,poswald
SLE-19247,485878,holgisms,Ready to release,Must Have,Very High,High,Support the Mellanox/NVIDIA ConnectX 7,Very High,SUSE Linux Enterprise Server 15 SP4,poswald
SLE-19246,485877,holgisms,In Progress,Must Have,Very High,Very High,Add NVIDIA BlueField-3 support along with 1 and 2,Very High,SUSE Linux Enterprise Server 15 SP4,poswald
SLE-19245,485876,holgisms,In Progress,Should Have,High,High,NVMe over TCP support,High,SUSE Linux Enterprise Server 15 SP4,poswald
SLE-19244,485875,holgisms,In Progress,Should Have,High,High,NVMe over Fibre Channel Boot from SAN support.,High,SUSE Linux Enterprise Server 15 SP4,poswald
SLE-19044,485333,msmeissn,In Progress,Could Have,High,,openSSL 3,,SUSE Linux Enterprise Server 15 SP4,msvec
SLE-19039,485328,aginies,Rejected,Could Have,Medium,Medium,ARMv8.2 SPE in guest,Medium,SUSE Linux Enterprise Server 15 SP4,drdavis
SLE-19031,485319,Jeffreycheung,Ready to release,Should Have,,, [AMD  Feature] Genoa: 5-level page table updates,,SUSE Linux Enterprise Server 15 SP4,drdavis
SLE-19022,485309,ihno,Ready to release,Must Have,High,High,Add kernel debug infos for decompressor stage to kernel-debug package,High,SUSE Linux Enterprise Server 15 SP4,mcowley
SLE-19013,485277,holgisms,In Progress,Must Have,Very High,High,Need to enable boot from SAN with NVMe over Fibre,Very High,SUSE Linux Enterprise Server 15 SP4,poswald
SLE-19012,485276,holgisms,In Progress,Must Have,Very High,High,Marvell cnic driver update,Very High,SUSE Linux Enterprise Server 15 SP4,poswald
SLE-19011,485275,holgisms,In Progress,Must Have,Very High,High,Update the Marvell bnx2fc kernel driver,Very High,SUSE Linux Enterprise Server 15 SP4,poswald
SLE-19010,485274,holgisms,Ready to release,Must Have,Very High,High,Update the Marvell bnx2i driver,Very High,SUSE Linux Enterprise Server 15 SP4,poswald
SLE-19009,485273,holgisms,In Progress,Must Have,Very High,High,Update the Marvell bnx2 driver,Very High,SUSE Linux Enterprise Server 15 SP4,poswald
SLE-19008,485272,holgisms,Ready to release,Must Have,Very High,High,Update the Marvell bnx2x driver,Very High,SUSE Linux Enterprise Server 15 SP4,poswald
SLE-19007,485271,holgisms,In Progress,Should Have,High,High,Update the Marvell bfa driver,High,SUSE Linux Enterprise Server 15 SP4,poswald
SLE-19006,485270,holgisms,In Progress,Should Have,High,High,Upate the Marvell bna driver,High,SUSE Linux Enterprise Server 15 SP4,poswald
SLE-19005,485269,holgisms,In Progress,Must Have,Very High,High,Update the Marvell qlge driver,Very High,SUSE Linux Enterprise Server 15 SP4,poswald
SLE-19004,485268,holgisms,In Progress,Must Have,Very High,High,Update the Marvell qlcnic driver,Very High,SUSE Linux Enterprise Server 15 SP4,poswald
SLE-19003,485267,holgisms,Ready to release,Must Have,Very High,High,Update the Marvell qedf driver,Very High,SUSE Linux Enterprise Server 15 SP4,poswald
SLE-19002,485266,holgisms,Ready to release,Must Have,Very High,High,Update the Marvell qedi driver,Very High,SUSE Linux Enterprise Server 15 SP4,poswald
SLE-19001,485265,holgisms,Ready to release,Must Have,Very High,High,Update the Marvell qed driver,Very High,SUSE Linux Enterprise Server 15 SP4,poswald
SLE-19000,485264,holgisms,In Progress,Must Have,Very High,High,Update the Marvell qede driver,Very High,SUSE Linux Enterprise Server 15 SP4,poswald
SLE-18999,485263,holgisms,Ready to release,Must Have,Very High,High,Update the Marvell libqedr library,Very High,SUSE Linux Enterprise Server 15 SP4,poswald
SLE-18998,485261,holgisms,In Progress,Must Have,Very High,High,Update the Marvell qedr driver,Very High,SUSE Linux Enterprise Server 15 SP4,poswald
SLE-18997,485260,holgisms,Ready to release,Must Have,Very High,High,Update the Marvell atlantic kernel driver,Very High,SUSE Linux Enterprise Server 15 SP4,poswald
SLE-18996,485259,holgisms,In Progress,Must Have,Very High,High,Update the Marvell qla2xxx driver,Very High,SUSE Linux Enterprise Server 15 SP4,poswald
SLE-18995,485258,holgisms,Ready to release,Must Have,Very High,High,Add Fibre Channel key management capabilities to Strongswan,Very High,SUSE Linux Enterprise Server 15 SP4,poswald
SLE-18994,485253,holgisms,In Progress,Must Have,Very High,High,Update iproute2 for Chelsio,Very High,SUSE Linux Enterprise Server 15 SP4,poswald
SLE-18993,485252,holgisms,Ready to release,Must Have,Very High,High,Update the Chelsio cxgb4 firmware,Very High,SUSE Linux Enterprise Server 15 SP4,poswald
SLE-18992,485251,holgisms,Ready to release,Should Have,High,Medium,Update the Chelsio inline TLS driver,High,SUSE Linux Enterprise Server 15 SP4,poswald
SLE-18991,485250,holgisms,Ready to release,Must Have,Very High,High,Update to the latest OVS,Very High,SUSE Linux Enterprise Server 15 SP4,poswald
SLE-18990,485249,holgisms,Ready to release,Should Have,High,Medium,Update the Chelsio soft iWarp,High,SUSE Linux Enterprise Server 15 SP4,poswald
SLE-18989,485248,holgisms,Ready to release,Should Have,High,High,Update the Chelsio csiostor driver,High,SUSE Linux Enterprise Server 15 SP4,poswald
SLE-18988,485247,holgisms,Ready to release,Must Have,Very High,High,Update specific Chelsio parts of libibverbs,Very High,SUSE Linux Enterprise Server 15 SP4,poswald
SLE-18987,485246,holgisms,In Progress,Must Have,High,High,Update the Chelsio cxgb4 driver,High,SUSE Linux Enterprise Server 15 SP4,poswald
SLE-18986,485245,holgisms,Ready to release,Must Have,High,High,Update the Chelsio cxgb4i driver,High,SUSE Linux Enterprise Server 15 SP4,poswald
SLE-18985,485244,holgisms,In Progress,Must Have,Very High,High,Update the Chelsio cxgb4vf driver,Very High,SUSE Linux Enterprise Server 15 SP4,poswald
SLE-18984,485243,holgisms,Ready to release,Must Have,High,High,Update the Chelsio iw_cxgb4 driver,High,SUSE Linux Enterprise Server 15 SP4,poswald
SLE-18983,485242,holgisms,In Progress,Must Have,High,High,Update the Chelsio cxgbit driver,High,SUSE Linux Enterprise Server 15 SP4,poswald
SLE-18982,485241,holgisms,Ready to release,Must Have,High,High,Update the Chelsio libcxgb4 library,High,SUSE Linux Enterprise Server 15 SP4,poswald
SLE-18981,485240,holgisms,In Progress,Must Have,High,High,Update the Chelsio libcxgbi library,High,SUSE Linux Enterprise Server 15 SP4,poswald
SLE-18980,485239,holgisms,Ready to release,Must Have,High,High,Update the Chelsio chcr,High,SUSE Linux Enterprise Server 15 SP4,poswald
SLE-18979,485238,holgisms,Ready to release,Must Have,Very High,High,Updates chelsio dpdk,Very High,SUSE Linux Enterprise Server 15 SP4,poswald
SLE-18978,485237,holgisms,Ready to release,Must Have,Very High,High,Broadcom bnxt_en driver update,Very High,SUSE Linux Enterprise Server 15 SP4,poswald
SLE-18977,485236,holgisms,Ready to release,Must Have,Very High,High,Broadcom bnxt_re driver update,Very High,SUSE Linux Enterprise Server 15 SP4,poswald
SLE-18976,485235,holgisms,Ready to release,Must Have,Very High,High,Broadcom libbnxtre update,Very High,SUSE Linux Enterprise Server 15 SP4,poswald
SLE-18975,485234,holgisms,Ready to release,Must Have,Very High,High,Broadcom OVS updates,Very High,SUSE Linux Enterprise Server 15 SP4,poswald
SLE-18974,485233,holgisms,Ready to release,Must Have,Very High,High,Broadcom dpdk driver updates,Very High,SUSE Linux Enterprise Server 15 SP4,poswald
SLE-18973,485232,holgisms,Ready to release,Must Have,Very High,High,Update the Broadcom be2iscsi driver,Very High,SUSE Linux Enterprise Server 15 SP4,poswald
SLE-18972,485231,holgisms,In Progress,Must Have,Very High,High,Update the Broadcom be2net driver,Very High,SUSE Linux Enterprise Server 15 SP4,poswald
SLE-18971,485230,holgisms,Ready to release,Must Have,High,High,Update the Broadcom tg3 driver from the latest upstream parts,High,SUSE Linux Enterprise Server 15 SP4,poswald
SLE-18970,485229,holgisms,In Progress,Must Have,Very High,High,Broadcom Emulex lpfc driver update,Very High,SUSE Linux Enterprise Server 15 SP4,poswald
SLE-18969,485228,holgisms,Ready to release,Must Have,Very High,High,Broadcom mpi3mr driver addition,Very High,SUSE Linux Enterprise Server 15 SP4,poswald
SLE-18968,485227,holgisms,Ready to release,Must Have,High,High,Update the Broadcom megaraid_sas driver,High,SUSE Linux Enterprise Server 15 SP4,poswald
SLE-18967,485226,holgisms,Ready to release,Must Have,High,High,Broadcom/LSI mpt2sas/mpt3sas update,High,SUSE Linux Enterprise Server 15 SP4,poswald
SLE-18966,485222,Jeffreycheung,Rejected,Could Have,,,Graphics: llvm,,SUSE Linux Enterprise Server 15 SP4,sbehlert
SLE-18965,485221,Jeffreycheung,Rejected,Could Have,,,Graphics: Common Clang,,SUSE Linux Enterprise Server 15 SP4,sbehlert
SLE-18964,485220,Jeffreycheung,Ready to release,Could Have,Medium,,Graphics: Open CL Driver Update,,SUSE Linux Enterprise Server 15 SP4,sbehlert
SLE-18963,485219,suntorytimed,Rejected,Could Have,,,Graphics: SPIRV-Translator,,SUSE Linux Enterprise Server 15 SP4,sbehlert
SLE-18962,485218,suntorytimed,Rejected,Could Have,,,Graphics: IGC,,SUSE Linux Enterprise Server 15 SP4,sbehlert
SLE-18960,485216,suntorytimed,Rejected,Could Have,High,,Enable Intel Security Libraries (iSECL) package in SLES ,,SUSE Linux Enterprise Server 15 SP4,msvec
SLE-18956,485211,Jeffreycheung,Ready to release,Could Have,,,[SLES15 SP4 Feat] Intel QAT Update - QATlib (User Space Changes),,SUSE Linux Enterprise Server 15 SP4,macrue
SLE-18951,485206,LPechacek,Rejected,Could Have,,,DSA: IDXD (DSA) driver stage 3,,SUSE Linux Enterprise Server 15 SP4,macrue
SLE-18783,484672,ihno,Rejected,Must Have,High,High,PCI auto-activate for DPM,High,SUSE Linux Enterprise Server 15 SP4,mcowley
SLE-18751,484389,Jeffreycheung,In Progress,Wish to Have,Medium,Medium,Include package - keycloak,Medium,SUSE Linux Enterprise Server 15 SP4,msvec
SLE-19557,486619,horon,In Progress,Must Have,High,High,Enable NX-GZIP support with DLPAR and LPM operations,High,SUSE Linux Enterprise Server 15 SP4,mcowley
SLE-18902,485013,LPechacek,Rejected,Could Have,,,CPU Features: Enable vAES-GCM algorithm in the kernel crypto library,,SUSE Linux Enterprise Server 15 SP4,sbehlert
SLE-18888,484999,Jeffreycheung,Rejected,Could Have,,,IOMMU: Add a check to Interrupt Redirection Code if IMS can be supported in the platform,,SUSE Linux Enterprise Server 15 SP4,macrue
SLE-19620,487109,Jeffreycheung,In Progress,Must Have,High,High,Yearly (2021) update for the Toolchain/Development modules,High,SUSE Linux Enterprise Server 15 SP4,sbehlert
SLE-17702,461081,aginies,In Progress,Could Have,Low,,KVM: Support guest CET feature,,SUSE Linux Enterprise Server 15 SP4,ykornilov
SLE-17621,459900,Jeffreycheung,In Progress,Could Have,High,High,Add support for a NVMe-oF-TCP CDC Client in SLES - TP 8010,High,SUSE Linux Enterprise Server 15 SP4,sbehlert
SLE-17566,459250,ta-ro,In Progress,Should Have,Low,Medium,Document ZFS implications and alternatives,High,SUSE Linux Enterprise Server 15 SP4,msvec
SLE-18351,482702,suntorytimed,Rejected,Could Have,Low,,"Update ghc (updating rstudio to the latest release requires updates to: boost, pandoc, qt5, mathjax, clang, gcc)",,SUSE Linux Enterprise Server 15 SP4,msvec
SLE-18272,481839,horon,In Progress,Should Have,Low,High,Sandbox capture kernel's initrd in production kernel initrd to activate it only when needed (FADump)(kdump),High,SUSE Linux Enterprise Server 15 SP4,msvec
SLE-18271,481829,horon,In Progress,Must Have,High,High,Power guest secure boot with static keys: GRUB2 signing portion (crypto),High,SUSE Linux Enterprise Server 15 SP4,mcowley
SLE-18265,481823,ihno,In Progress,Should Have,Medium,High,Add the keylime package (attestation),High,SUSE Linux Enterprise Server 15 SP4,msvec
SLE-14552,437975,suntorytimed,Rejected,Must Have,High,High,Replace rpm with rpm-ndb in Base Containers,Very High,SUSE Linux Enterprise Server 15 SP4,ykornilov
SLE-17963,479248,a_faerber,TPM Evaluates,Could Have,Medium,Medium,Support Unified/User-space-access-intended Accelerator (uacce) Framework,Medium,SUSE Linux Enterprise Server 15 SP4,msvec
SLE-18247,481685,suntorytimed,Ready to release,Should Have,Low,Low,DNF stack update,Medium,SUSE Linux Enterprise Server 15 SP4,sbehlert
SLE-16618,445283,a_faerber,Rejected,Could Have,,,SMMUv3.3 multi command queue,,SUSE Linux Enterprise Server 15 SP4,drdavis
SLE-16152,442875,aginies,In Progress,Should Have,Medium,Medium,[Research] Support VM migration with VFIO device,Medium,SUSE Linux Enterprise Server 15 SP4,ykornilov
SLE-18145,480808,horon,Ready to release,Must Have,High,High,Power guest secure boot with static keys: kernel portion (crypto),High,SUSE Linux Enterprise Server 15 SP4,mcowley
SLE-18138,480801,horon,Ready to release,Must Have,High,High,Support PowerVM guest secure boot with signed kernel and secure kexec (crypto/ima),High,SUSE Linux Enterprise Server 15 SP4,mcowley
SLE-18125,480788,horon,In Progress,Must Have,High,High,Kernel lockdown for POWER (required for secure boot) (crypto/ima),High,SUSE Linux Enterprise Server 15 SP4,mcowley
SLE-16770,446987,Jeffreycheung,In Progress,Should Have,Medium,Medium,This will enable boot from NVMe-oF/TCP. The nBFT is similar in function to iBFT (iSCSI) and is currently being discussed in the relevant standards bodies.,Medium,SUSE Linux Enterprise Server 15 SP4,sbehlert
SLE-16769,446986,Jeffreycheung,In Progress,Could Have,Medium,Medium,[LATE] Include support in yast-installer to auto-detect and install to NVMe-oF TCP volumes,Medium,SUSE Linux Enterprise Server 15 SP4,LanceOrtiz
SLE-12903,431188,aginies,In Progress,Should Have,Low,Low,[research] QEMU: allow target-specific modules,Medium,SUSE Linux Enterprise Server 15 SP4,ykornilov
SLE-11448,417755,suntorytimed,In Progress,Should Have,Medium,,Remove pam/nss ldap (SLE 15 SP4),,SUSE Linux Enterprise Server 15 SP4,msvec
SLE-9293,404480,msmeissn,In Progress,Must Have,Medium,High,FIPS: Support NIST 800-90B entropy collection in Linux Kernel,High,SUSE Linux Enterprise Server 15 SP4,ktrepte
SLE-8061,401075,msmeissn,In Progress,Could Have,Medium,,FIPS: implement the IPSEC KDF for strongswan in openssl,,SUSE Linux Enterprise Server 15 SP4,ktrepte
SLE-3030,378563,aginies,In Progress,Could Have,Medium,Medium,Add API in libvirt to check if a guest is migratable to a host,Medium,SUSE Linux Enterprise Server 15 SP4,ykornilov
SLE-2988,378521,aginies,In Progress,Could Have,Low,,[kvm] KVM SGX 2.0,,SUSE Linux Enterprise Server 15 SP4,ykornilov
SLE-4503,381976,aginies,Rejected,Could Have,Medium,Medium,[libvirt] libvirt need to detect automatically new vol created in rdb pool,Medium,SUSE Linux Enterprise Server 15 SP4,ykornilov
SLE-20556,490335,rtsvetkov,In Progress,Could Have,Low,,Request for more descriptive information about Unixodbc drivers,,SUSE Linux Enterprise Server 15 SP4,msvec
SLE-19268,485900,holgisms,Ready to release,Must Have,Very High,High,Pull in openmpi2 updates for Mellanox/Nvidia,Very High,SUSE Linux Enterprise Server 15 SP4,poswald
SLE-20416,489959,suntorytimed,In Progress,Could Have,Low,,Don't use UUID= in fstab for LUKS-back-up devices,,SUSE Linux Enterprise Server 15 SP4,msvec
SLE-18534,483387,gameboy974,In Progress,Must Have,High,,SUSE Providing a 389ds Directory Server Container,,SUSE Linux Enterprise Server 15 SP4,msvec
SLE-21196,492399,gameboy974,In Progress,Must Have,High,Medium,Create an RMT container for SLE 15 SPx to bring the SLE world closer to the cloud- and container-native world,Medium,SUSE Linux Enterprise Server 15 SP4,msvec
SLE-19264,485896,holgisms,Ready to release,Must Have,Very High,High,Update libvirt: nodedev for Mellanox/Nvidia,Very High,SUSE Linux Enterprise Server 15 SP4,poswald
SLE-21308,492785,suntorytimed,In Progress,Should Have,Medium,Low,Optional LUKS2 support for the Installer (Storage),Medium,SUSE Linux Enterprise Server 15 SP4,msvec
SLE-22669,501513,suntorytimed,TPM Evaluates,Should Have,Low,Medium,GEHC: Request for self_update to work with packages on installation media,High,SUSE Linux Enterprise Server 15 SP4,msvec
SLE-22170,496954,Jeffreycheung,In Progress,Should Have,Medium,,Update BPF tooling to their latest version in SLES15SP4,,SUSE Linux Enterprise Server 15 SP4,msvec
SLE-18430,482958,horon,In Progress,Should Have,Medium,,New mechanism to handle the installer errors and summarize errors in the installer,,SUSE Linux Enterprise Server 15 SP4,msvec
SLE-21527,493488,suntorytimed,In Progress,Should Have,Medium,,Update the whole smart card package chain in SLE-15-SP4,,SUSE Linux Enterprise Server 15 SP4,msvec
SLE-18477,483109,a_faerber,TPM Evaluates,Should Have,Medium,Medium,Support Embedded Trace Macrocell on Hi1620 & Hi1630 (Ultrasoc),Medium,SUSE Linux Enterprise Server 15 SP4,sbehlert
