Issue key;Issue id;Custom field (Project Manager);Assignee;Status;Priority;Custom field (Marketing Need);Custom field (Team Leader);Custom field (Worker);Custom field (Business Impact);Custom field (Product Impact);Summary;Custom field (Customer Interest)
SLE-22628;501193;aginies;;Planning;Should Have;;;none;;N/A;Dev: Add open-vm-tools to SLES aarch64 build;
SLE-22618;501181;suntorytimed;;Planning;Must Have;;;;;N/A;Dev: SUSEConnect: Provide a self-contained SUSEConnect without dependencies to a full interpreter stack (Ruby/Python/others);
SLE-22583;500911;suntorytimed;;Planning;Could Have;;;;;N/A;Dev: Request to include a new package: sassit;
SLE-22658;501454;LPechacek;;Done;Could Have;;;none;;N/A;Dev: [SLES15 SP4 Feat] Intel QAT Update - Kernel;
SLE-22533;500596;suntorytimed;;Rejected;Should Have;;;none;;N/A;Dev: document lifecycles and support of various components in SLE  better;
SLE-22518;500577;suntorytimed;;Rejected;Should Have;;;none;;N/A;Dev: IBM Power 10 released - website updates;
SLE-22456;499873;aginies;;Planning;Wish to Have;;;none;;N/A;Dev: Support virtual instances up to 24TB and 8192 vcpus;
SLE-22455;499864;aherzig;dancermak;Planning;Should Have;;;none;;N/A;Dev: Support BCI images with PHP 8.0 runtime;
SLE-22316;499019;Jeffreycheung;;Done;Should Have;;;jirislaby;;N/A;Dev: hpwdt driver update to latest upstream version;
SLE-22314;499017;Jeffreycheung;;Done;Should Have;;;jirislaby;;N/A;Dev: hpilo driver update to latest upstream version;
SLE-22358;499157;aherzig;;Planning;Must Have;;;none;;N/A;Dev: The SLE BCI is larger than competitors ;
SLE-22438;499730;aherzig;;Planning;Must Have;;;none;;N/A;Dev: BCI/UBI parity;
SLE-22430;499722;aherzig;;Planning;Should Have;;;none;;N/A;Dev: BCI: Ruby Language Container;
SLE-22424;499716;aherzig;dancermak;In Progress;Should Have;;;none;;N/A;Dev: BCI: Rust Language Container;
SLE-22416;499708;aherzig;dancermak;In Progress;Should Have;;;none;;N/A;Dev: Support BCI images with PHP 7.4 runtime;
SLE-22386;499595;Jeffreycheung;;Done;Must Have;;;colyli;;N/A;Dev: ahci: Decouple Dell SW-RAID solution from underlying PCH-RAID device-ids;
SLE-22214;497292;fcrozat;;Done;Should Have;;;none;;N/A;Dev: Publish SLE BCI minimal image;
SLE-22207;497255;aherzig;;Planning;Must Have;;;none;;N/A;Dev: Support SLE containers on VMware Tanzu;
SLE-22197;497170;aherzig;fcrozat;Planning;Must Have;;;none;;N/A;Dev: Enrich SLE BCI repository;
SLE-22140;496663;aginies;;In Progress;Should Have;;;none;;N/A;Dev: [HPC] provide latest stable version of spack;
SLE-21324;492881;msmeissn;msmeissn;Done;Could Have;;;;;N/A;Dev: Delivery based security information;
SLE-21279;492695;suntorytimed;;Planning;Should Have;;;none;;N/A;Dev: Update redis to its latest stable version;
SLE-21162;492239;;;Planning;Should Have;;;none;;N/A;Dev: support more chinese cryptographic ciphers;
SLE-21915;495396;suntorytimed;mcepl;Done;Should Have;;;none;;N/A;Dev: replace bzr with breezy;
SLE-21901;495279;fcrozat;;Planning;Could Have;;;none;;N/A;Dev: Remove libmodman package on SLE-15-SP4.;
SLE-21899;495277;fcrozat;;Planning;Must Have;;;none;;N/A;Dev: use suse.com infrastructure for NetworkManager connection detection;
SLE-21886;495182;fcrozat;;Planning;Could Have;;;none;;N/A;Dev: Find a proper alternative to the hack that prevents the creds to be requested when the power button is pressed within GNOME;
SLE-21737;494530;rtsvetkov;;Planning;Should Have;;;none;;N/A;Dev: Request for new rsyslog version (8.2104.0);
SLE-21735;494528;msmeissn;;Planning;Must Have;;;none;;N/A;Dev: ship gswrap as ghostscript wrapper;
SLE-20866;491260;;;Planning;Must Have;;;none;;N/A;Dev: [kernel] Add zstd compression for initramfs;
SLE-19574;486873;;;Rejected;Could Have;;;none;;N/A;Dev: CPU Features: Provide linux kernel support for performing Scan At Field in SPR;
SLE-22282;498081;LMartin;;Rejected;Must Have;;;none;;N/A;Dev: Deprecate yast2 saptune module;
SLE-22280;498079;LMartin;;Planning;Must Have;;;none;;N/A;Dev: [NONCODE] QA: HANA HA test automation;
SLE-22276;498073;LMartin;;Planning;Must Have;;;none;;N/A;"Dev: hanadb_exporter: Support for AWS Secure Store, HANA Scale-out Installations and SSL enforced HANA Connections";
SLE-22254;498051;LMartin;;Done;Must Have;;;none;;N/A;Dev: [Scale-Out] MVP: Multi-target replication;
SLE-22246;497969;suntorytimed;PSuarezHernandez;Done;Could Have;;;none;;N/A;Dev: Update Salt to latest release version (3003.3) in 15 SP4;
SLE-21592;493777;suntorytimed;;Done;Should Have;;;none;;N/A;Dev: DNF stack update;
SLE-21585;493707;Jeffreycheung;Jeffreycheung;Done;Could Have;;;none;;N/A;Dev: Include python-dasbus pacakge in SLES 15 SP4;
SLE-21549;493516;aginies;;Planning;Could Have;;;none;;N/A;Dev: HPC : Feature: High Performance Networking - Ethernet Fast Fabric;
SLE-21544;493511;aginies;NMoreyChaisemartin;Done;Could Have;;;none;;N/A;Dev: HPC: Update support for Open Fabrics Interfaces library (OFI);
SLE-21538;493503;suntorytimed;;Planning;Should Have;;;none;;N/A;Dev: bump stunnel to 5.59 ;
SLE-19592;486924;;;Planning;Could Have;;;none;;N/A;Dev: Vagrant update to 3.x (or 2.x);
SLE-19974;488063;;;In Progress;Could Have;;;none;;N/A;Dev: Add fail2ban  in SLE instead of PackageHub;
SLE-19772;487573;;sfent;Planning;Should Have;;;;;N/A;Dev: Make it possible to release a lease;
SLE-19770;487569;;sfent;Planning;Should Have;;;;;N/A;Dev: It should be possible to force a lease refresh with wicked;
SLE-20677;490839;;SchoolGuy;Planning;Could Have;;;none;;N/A;Dev: Cobbler/Pulp repo manager - drpm support;
SLE-20392;489930;;alix82;Planning;Could Have;;;none;;N/A;Dev: Update zchunk and zstd;
SLE-20998;491718;;sbradnick;Planning;Could Have;;;none;;N/A;Dev: WSL: Consider switching from fb-utils-appx to appx-util;
SLE-20947;491511;;;Planning;Could Have;;;none;;N/A;Dev: Add Pandoc and required Dependencies to the Build Environment;
SLE-21949;495786;suntorytimed;;In Progress;Should Have;;;none;;Medium;Dev: Update grub to 2.0.6;
SLE-21635;494166;aginies;;Planning;Could Have;;;none;;N/A;Dev: add support for SPICE guest agent in installer;
SLE-15435;440406;;;Open;Could Have;;;;;N/A;Dev: Investigate login node improvements - Remote Desktop Apps;
SLE-16437;443955;;;Planning;Should Have;;;;;;Dev: Secure NFS RPC with TLS;
SLE-16385;443701;;;Planning;Must Have;;;;;N/A;Dev: Overhaul ReaR to work independent of kernel device names;
SLE-16721;446451;;;Planning;Could Have;;;;;N/A;Dev: set PERMISSION_SECURITY via control file;
SLE-17056;450398;;;Planning;Should Have;;;;;;Dev: 11 SP4 Power BE support till 2025;
SLE-16221;443183;;;Planning;Could Have;;;;;N/A;Dev: Investigate login node improvements - Remote Desktop Apps;
SLE-18306;481956;;favogt;Planning;Should Have;;;none;;N/A;Dev: Adding a new welcome screen for jeos-firstboot in all console;
SLE-18219;481352;;;Planning;Must Have;;;none;;;Dev:  Add upstream PR to aws-vpc-move-ip and apply required resource & fence agent patches;
SLE-17407;456459;;;Planning;Could Have;;;;;;Dev: add saptune v2 to the sap-* patterns on ppc64le;
SLE-17402;456165;;;Planning;Must Have;;;;;;Dev: Priority fencing delay to make more significant node win fencing match under 2-node split-brain;
SLE-10459;408650;;;In Progress;Should Have;;;;;;Dev: Add container-diff to SLE12 containers module;
SLE-6815;389981;;;Open;Should Have;;;;;;Dev: dpdk package for SLES 12 SP4;
SLE-9289;404474;;;Open;Wish to Have;;;;;N/A;Dev: JeOS VMware flavor with cloud-init support;
SLE-11166;414751;;;Open;Must Have;;;;;;"Dev: Btrfsmaintenance review (SLE* 12 SP2, SP3, SP4)";
SLE-22680;502432;rtsvetkov;;Rejected;Should Have;;;none;;N/A;Dev: XFS deprecates V4 format;
SLE-22695;502499;aginies;;Open;Must Have;;;charlesa;;N/A;Dev: Virtualized TPM (vTPM) support in the context of Windows 2022 SVVP - Xen;
SLE-22406;499698;aherzig;dancermak;Blocked;Should Have;;;none;;N/A;Dev: BCI: Perl Language Container ;
SLE-22702;502561;aginies;;Planning;Should Have;;;none;;N/A;Dev: Refresh 'spack' to 0.17;
SLE-22446;499738;aherzig;dancermak;Open;Could Have;;;none;;N/A;Dev: Create a BCI image for Busybox;
SLE-22708;502603;gameboy974;;Planning;Should Have;;;none;;N/A;Dev: Enable AppArmor by default on JeOS images;
SLE-22722;502667;aginies;;Planning;Must Have;;;none;;N/A;Dev: Virtualized TPM (vTPM) support in the context of Windows 2022 SVVP - KVM;
SLE-22741;502717;aginies;;In Progress;Should Have;;;none;;N/A;"Dev: [HPC] open firewall port for munge, slurm, dolly";
SLE-22138;496661;aginies;;In Progress;Should Have;;;none;;N/A;Dev: HPC: update packages to latest version;
SLE-22520;500579;aginies;;In Progress;Could Have;;;none;;N/A;Dev: CPU Features: AMX (TMUL) - KVM and qemu;
SLE-21731;494524;rtsvetkov;scabrero;Done;Could Have;;;scabrero;;Low;"Dev: New option for adcli : ""--dont-expire-password=yes|no|true|false""";
SLE-22176;497075;ihno;;Done;Must Have;;;none;;N/A;"Dev: Enable graphical distro installer to run natively with virtio-gpu (YaST, suse-module-tools)";
SLE-22825;502923;LMartin;;Planning;Must Have;;;none;;N/A;Dev: Deliver Trento agent to SLES4SAP;
SLE-22633;501207;a_faerber;ptesarik;Planning;Should Have;;ptesarik;none;;N/A;"Dev: Enable TI TDA4VM (J721E) automotive platform for ""QMLinux"" use case";
SLE-22626;501191;aginies;;Planning;Should Have;;fsundermeyer;;;N/A;Dev: Deprecate LXC / libvirt-lxc / virt-bootstrap  (SLE 15 SP4);
SLE-22579;500901;suntorytimed;rwill;Open;Should Have;;BenniBrunner;rwill;;N/A;Dev: Update Efibootmgr to v17+;
SLE-22666;501476;horon;;Planning;Must Have;;ptesarik;none;;N/A;Dev: Power guest secure boot with static keys: support for grub ELF note signature in pesign-obs-integration (crypto);
SLE-22602;501108;holgisms;poswald;Planning;Must Have;;hreinecke;none;;N/A;Dev: Add NVIDIA BlueField-3 support along with 1 and 2;
SLE-22570;500814;suntorytimed;;Open;Should Have;;Neyleah;gyribeiro;;Low;Dev: Customer Requests to include the package libibn-tools again in SLES15SP4;
SLE-22561;500796;msmeissn;;Planning;Could Have;;kstreitova;;;N/A;Dev: 4C - Centralized Crypto Compliance Configuration - Apache2;
SLE-22558;500790;horon;;Planning;Should Have;;rjschwei;none;;N/A;Dev: inclusion of reset_rmc module for SLES packaged cloudinit;
SLE-22532;500595;suntorytimed;;Planning;Wish to Have;;lrupp;none;;N/A;Dev: [OBS] Change spec style for util-linux from multi-spec to multibuild;
SLE-22528;500591;suntorytimed;;Planning;Wish to Have;;kstreitova;none;;N/A;Dev: [packaging] Change spec style for util-linux from multi-spec to multibuild;
SLE-22524;500583;suntorytimed;;Planning;Should Have;;j_renner;none;;N/A;Dev: document tech previews in SLE better;
SLE-22515;500574;suntorytimed;adamm;In Progress;Should Have;;bruclik;none;;N/A;Dev: Update squid to current stable branch in SLE15 SP4;
SLE-22512;500571;suntorytimed;firstyear;In Progress;Should Have;;jmcdough;none;;N/A;Dev: Improve rust developer tools;
SLE-22510;500568;suntorytimed;goldwynr;Done;Should Have;;goldwynr;goldwynr;;N/A;Dev: Update btrfs-progs to v5.14;
SLE-22306;498672;a_faerber;ptesarik;Planning;Could Have;;ptesarik;;;N/A;Dev: Support Unified/User-space-access-intended Accelerator (uacce) Framework;
SLE-22354;499150;Jeffreycheung;Jeffreycheung;In Progress;Could Have;;anicka;Jeffreycheung;;N/A;Dev: Deprecate opa-fmgui;
SLE-22352;499138;Jeffreycheung;fstrba;Done;Wish to Have;;bruclik;fstrba;;N/A;Dev: Include package - keycloak;
SLE-22349;499125;LPechacek;;Rejected;Could Have;;mhocko;none;;N/A;"Dev: Add the ""amd-pstate"" frequency scaling driver to SLE-15-SP4";
SLE-22183;497100;ihno;;Done;Should Have;;sfent;markkp;;N/A;Dev: New package request: Add zDNN low-level driver library;
SLE-22180;497089;jsrain;;Done;Should Have;;locilka;;;N/A;Dev: Support NTLM authentication in the Unified Installer;
SLE-22175;497057;suntorytimed;;Planning;Should Have;;BenniBrunner;none;;N/A;Dev: [systemd] Improved booting from remote disks;
SLE-22174;497056;suntorytimed;;Planning;Should Have;;BenniBrunner;none;;N/A;Dev: [dracut] Improved booting from remote disks;
SLE-22172;496957;horon;;Blocked;Must Have;;locilka;none;;N/A;Dev: Remove yast2-kdump tool hardlimit on crashkernel value;
SLE-19369;486148;;;Open;Could Have;;claudiofontana;vulyanov;;N/A;Dev: KubeVirt 15SP4;
SLE-19353;486108;;tsbogend;Open;Should Have;;hreinecke;tsbogend;;Medium;Dev: Emulex ocrdma: update driver to the latest upstream version;
SLE-19351;486105;;tdz;Done;Should Have;;ptesarik;tdz;;N/A;Dev: Matrox G200 eH3 driver: update to the latest upstream version;
SLE-19345;486098;;dkirjanov;Open;Should Have;;hreinecke;dkirjanov;;Medium;Dev: Intel e1000: update driver to latest upstream version;
SLE-19342;486093;;;Planning;Could Have;;ptesarik;none;;N/A;Dev: FPGA Phase 5 driver upstream;
SLE-19339;486090;;;Planning;Could Have;;ptesarik;none;;N/A;Dev: Intel Dynamic Load Balancer 2.0 device driver support;
SLE-19334;486085;;;Planning;Could Have;;ptesarik;none;;N/A;Dev: Other Component: Add support for SoftSKU;
SLE-19330;486078;;jones_tony;Done;Could Have;;mgorman;none;;N/A;Dev: perf: SPR PMU Support: Uncore Events;
SLE-19328;486076;;bpetkov;Rejected;Could Have;;mhocko;none;;N/A;Dev: TDX Guest: TDX kernel hardening feature;
SLE-19326;486074;;;Blocked;Could Have;;mhocko;none;;N/A;Dev: IOMMU: IOMMU driver support for for vIOMMU and vSVM;
SLE-19324;486072;;bpetkov;Rejected;Could Have;;mhocko;none;;Medium;Dev: TDX Boot Time: Convert as 2MB pages;
SLE-19322;486070;;;Rejected;Could Have;;claudiofontana;none;;N/A;Dev: TDX Guest: TDX guest fuzzing feature;
SLE-19320;486068;;colyli;Open;Could Have;;hreinecke;colyli;;Medium;Dev: Crystal Ridge: map out PMEM when not in use by the driver;
SLE-19318;486066;;tiwai;Rejected;Could Have;;ptesarik;tiwai;;N/A;Dev: DSA: IDXD (DSA) driver stage 2.5;
SLE-19316;486063;;;Blocked;Could Have;;mhocko;none;;Medium;Dev: IOMMU: Shared Virtual Memory support for Virtualization (vSVM);
SLE-19314;486061;;;Rejected;Could Have;;ptesarik;none;;N/A;Dev: DSA: Enable and measure peformance for DSA enabling via pmem block driver.;
SLE-19312;486059;;;Rejected;Could Have;;ptesarik;none;;N/A;"Dev: DSA, PCI: SVA Enabling of DSA for kernel NTB driver with direct kernel API";
SLE-19310;486057;;bpetkov;Rejected;Could Have;;mhocko;none;;N/A;Dev: RAS: Emerald Rapids EDAC driver CXL topology implementation;
SLE-19284;485917;;fweisbec;In Progress;Must Have;;mhocko;none;;N/A;Dev: Further converge preempt kernel mode;
SLE-19238;485855;;;Open;Could Have;;claudiofontana;olh;;N/A;"Dev: kdump: makedumpfile, shrink Xen DomU dumps";
SLE-19236;485853;;;In Progress;Must Have;;claudiofontana;kallan;;N/A;Dev: VMDP: Support Microsoft Windows 2022 Server;
SLE-19233;485750;;;In Progress;Must Have;;locilka;;;Medium;Dev: Install OS to optimized storage device/s;
SLE-19231;485664;;tdz;Open;Should Have;;ptesarik;tdz;;N/A;Dev: DRM support on vesafb and efifb;
SLE-19223;485656;;joeyli;Done;Could Have;;joeyli;none;;N/A;Dev: Backported ACPI patches from newer mainline kernel;
SLE-19221;485654;;joeyli;Done;Could Have;;joeyli;none;;N/A;Dev: Backported keyring patches from newer mainline kernel;
SLE-19219;485652;;acho;Done;Could Have;;joeyli;acho;;N/A;Dev: Update BlueZ to latest version;
SLE-19217;485650;;shunghsiyu;Done;Could Have;;joeyli;shunghsiyu;;N/A;Dev: enable BTF in kernel;
SLE-19215;485648;;;Done;Could Have;;sfent;cvoegl;;Low;Dev: Update collectd to latest in SLES15 SP4;
SLE-19207;485623;;joro;In Progress;Could Have;;mhocko;none;;Low;Dev: IOMMU: Add support in IOMMU subsystem to handle updates of NMI interrupts;
SLE-19201;485616;;jirislaby;Done;Could Have;;mhocko;none;;N/A;Dev: Power Management: pmc_core driver support for ADL;
SLE-19199;485614;;bpetkov;In Progress;Could Have;;mhocko;none;;N/A;Dev: Crystal Ridge: Use movdir64b for PMEM data transfers and error clearing;
SLE-19197;485612;;mgorman;Done;Could Have;;mhocko;none;;Medium;Dev: CPU Features: Intel Turbo Boost Max support for Hybrid platform;
SLE-19183;485598;;;Rejected;Could Have;;ptesarik;tiwai;;N/A;Dev: DSA: IDXD (DSA) Convert character device support to use UACCE framework;
SLE-19178;485560;;dspinella;Done;Could Have;;kstreitova;dspinella;;Low;Dev: DSA: upgrade accel-config to latest version.;
SLE-19176;485558;;jirislaby;Done;Could Have;;mhocko;none;;N/A;Dev: CPU Features: Ratelimit support for bus lock detection;
SLE-19172;485554;;colyli;Rejected;Could Have;;hreinecke;colyli;;Medium;Dev: Crystal Ridge: Support NVDIMM Security with CONFIG_LIBNVDIMM=y;
SLE-19166;485517;;bpetkov;Done;Could Have;;mhocko;none;;N/A;Dev: TDX Guest: Disable MTRR feature bit for guest;
SLE-19162;485513;;tiwai;Done;Could Have;;ptesarik;tiwai;;N/A;Dev: DSA: IDXD (DSA) fix dsa_bus_type driver probe/remove;
SLE-19160;485511;;;Done;Could Have;;sfent;trenn;;Medium;Dev: Abnormal rapl/powercap values on Elkhart Lake;
SLE-19154;485505;;tiwai;Done;Could Have;;ptesarik;tiwai;;N/A;Dev: IDXD (DSA) Remove usage of devm_* memory allocation for 'struct device' memory;
SLE-19150;485501;;tiwai;Done;Could Have;;ptesarik;tiwai;;N/A;Dev: DSA: IDXD (DSA) add per CPU ref counting to I/O submission;
SLE-19148;485499;;tiwai;Done;Could Have;;ptesarik;tiwai;;N/A;Dev: DSA: IDXD (DSA) Add performance monitor support to driver;
SLE-19144;485495;;;Done;Could Have;;mgorman;ggherdovich;;N/A;Dev: Performance and Scalability: Power Measurement for Idaville Platform;
SLE-19142;485493;;tiwai;Done;Could Have;;ptesarik;tiwai;;N/A;Dev: IDXD DSA: Patches in preparation of Stage 2.5;
SLE-19134;485469;;;Done;Could Have;;ptesarik;tiwai;;N/A;Dev: Wi-Fi 6E AX210 for Ice Lake-D (Xeon-D) Edge Server Support;
SLE-19132;485467;;trenn;Done;Could Have;;sfent;trenn;;Medium;Dev: turbostat support for Ice Lake D (Idaville);
SLE-19128;485443;;Jeffreycheung;Done;Could Have;;sfent;trenn;;Medium;Dev: [ADL-P] Need turbostat tool patch to support ADL-P;
SLE-19122;485437;;;Done;Could Have;;ptesarik;tiwai;;N/A;Dev: Alder Lake-HX(ADL-HX) Enabling;
SLE-19120;485435;;trenn;Done;Could Have;;sfent;trenn;;Medium;Dev: Update ISST(kernel tool for Speed Select Tech) to the latest version;
SLE-19118;485433;;mvetter;In Progress;Could Have;;bruclik;mvetter;;N/A;Dev: Update PowerTop to the latest version;
SLE-19116;485431;;dkirjanov;In Progress;Must Have;;hreinecke;dkirjanov;;Low;Dev: Update bnx2x driver to obtain the latest fixes and enhancements to support the QLogic 58710 based 10Gb NIC on POWER (Marvell/QLogic);
SLE-19114;485429;;dkirjanov;Done;Must Have;;hreinecke;dkirjanov;;Low;Dev: Update be2net driver to obtain the latest fixes and enhancements to support the Broadcom be3 and Lancer based 10Gb NICs on POWER;
SLE-19112;485427;;msmeissn;In Progress;Could Have;;smanolov;msmeissn;;N/A;Dev: Update Intel processor microcode to latest version;
SLE-19110;485425;;rwill;Open;Could Have;;BenniBrunner;rwill;;N/A;Dev: Update ipmctl to the latest version;
SLE-19108;485423;;;In Progress;Could Have;;ptesarik;michals;;N/A;Dev: Update ndctl to the latest version;
SLE-19106;485421;;tsbogend;In Progress;Could Have;;hreinecke;NMoreyChaisemartin;;Medium;Dev: i40iw: Driver Update;
SLE-19104;485419;;cvoegl;Done;Could Have;;hreinecke;cvoegl;;Medium;Dev: Update PMDK to the latest version;
SLE-19102;485417;;;Done;Could Have;;sfent;trenn;;Medium;Dev: Update mcelog to the latest version;
SLE-19100;485415;;tsbogend;In Progress;Could Have;;hreinecke;tsbogend;;Low;Dev: fm10k: Driver Update;
SLE-19098;485413;;dkirjanov;Done;Could Have;;hreinecke;dkirjanov;;Medium;Dev: e1000e: Driver Update;
SLE-19096;485411;;tsbogend;Open;Could Have;;hreinecke;tsbogend;;Medium;Dev: ixgbevf: Driver Update;
SLE-19094;485409;;dkirjanov;Done;Could Have;;hreinecke;dkirjanov;;Medium;Dev: igb: Driver Update;
SLE-19088;485403;;tsbogend;Open;Could Have;;hreinecke;tsbogend;;Medium;Dev: igbvf: Driver Update;
SLE-19084;485399;;tsbogend;Done;Could Have;;hreinecke;NMoreyChaisemartin;;Low;Dev: irdma: Driver Update;
SLE-19078;485384;;tiwai;Done;Could Have;;ptesarik;tiwai;;N/A;Dev: DSA: IDXD Add occupancy output to sysfs;
SLE-19066;485365;;;Planning;Must Have;;hreinecke;;;N/A;Dev: Add support for nvme-monitor;
SLE-19062;485361;;;Done;Could Have;;mhocko;;;N/A;Dev: Milan Features:  Virtualized PCID support for SVM;
SLE-19054;485353;;;Rejected;Should Have;;mhocko;;;N/A;Dev: AMD Rome and Milan: Use GHES_ASSIST to find System Physical Address for DRAM ECC errors;
SLE-19020;485304;;joeyli;Blocked;Should Have;;joeyli;none;;N/A;Dev: ACPI DSM LED Support;
SLE-19014;485298;;neilbrown;Done;Should Have;;goldwynr;;;Low;Dev: Support for creating extended attributes on NFS mounted filesystems;
SLE-18918;485171;;pgajdos;Done;Should Have;;kstreitova;pgajdos;;Low;Dev: Add PHP 8 to SLES 15+;
SLE-21337;492967;fcrozat;;Planning;Must Have;;dbanschbach;mlschroe;;N/A;Dev: reduce rpm package dependency;
SLE-21320;492859;LPechacek;mbenes;In Progress;Must Have;;mbenes;;;Low;Dev: Adapt Live patching to the new kernel;
SLE-21318;492851;Jeffreycheung;jirislaby;Done;Should Have;;mhocko;none;;Medium;Dev: Support PTDMA for NTB;
SLE-21290;492757;Jeffreycheung;duwe;Open;Could Have;;ptesarik;duwe;;N/A;Dev: [SLES15 SP4 Feat] Intel QAT Update - QATEngine ;
SLE-21284;492733;Jeffreycheung;duwe;Done;Could Have;;ptesarik;duwe;;N/A;Dev: [SLES15 SP4 Feat] Intel QAT Update - QATlib (User Space Changes);
SLE-21276;492685;suntorytimed;rwill;Open;Wish to Have;;BenniBrunner;rwill;;N/A;Dev: Customer wants ability to control which kernel the GRUB2 menu entry SLES 15-SP2 loads;
SLE-21272;492681;suntorytimed;sbrabec;In Progress;Wish to Have;;kstreitova;none;;Low;"Dev: Cleanup task: Drop translation-update-upstream, translation-update and gnome-patch-translation";
SLE-21260;492669;suntorytimed;sbrabec;In Progress;Should Have;;kstreitova;none;;Low;Dev: Update xscreensaver;
SLE-21226;492575;msmeissn;jsikes;Planning;Must Have;;pgonin;mosquetero;;N/A;Dev: FIPS: implement the IPSEC KDF for strongswan in openssl;
SLE-21221;492567;katiarojas;pmonrealgonzalez;Open;Must Have;;kstreitova;none;;High;Dev: FIPS 140-3: make GnuTLS and Libnettle module ready for certification process;
SLE-21219;492565;katiarojas;pmonrealgonzalez;Open;Must Have;;kstreitova;none;;Medium;Dev: FIPS 140-3: make Libgcrypt module ready for certification process;
SLE-21215;492561;katiarojas;hpjansson;Planning;Must Have;;sreeves1;none;;N/A;Dev: FIPS 140-3: make Mozilla-NSS module ready for certification process;
SLE-21213;492559;katiarojas;duwe;Planning;Must Have;;ptesarik;none;;N/A;Dev: FIPS 140-3: make Kernel module ready for certification process;
SLE-21211;492557;katiarojas;jsikes;Open;Must Have;;kstreitova;jsikes;;Critical;Dev: FIPS 140-3: make Openssl module ready for certification process;
SLE-21186;492383;;sbrabec;Done;Should Have;;kstreitova;sbrabec;;Low;Dev: Update argyllcms;
SLE-21183;492380;;sbrabec;Done;Could Have;;kstreitova;sbrabec;;Low;Dev: Update lcms2;
SLE-21168;492352;;tiwai;Done;Could Have;;ptesarik;tiwai;;N/A;Dev: ADL Thermal Support;
SLE-21164;492241;;;Rejected;Could Have;;sreeves1;none;;N/A;Dev: Create a WSL Landing and documentation page;
SLE-21151;492215;;;Open;Must Have;;claudiofontana;lyan;;N/A;Dev: KVM host secure boot support for VMs;
SLE-21118;492176;;;Planning;Could Have;;claudiofontana;;;N/A;Dev: ARMv8.5-GTG: VIRTUALIZATION EXTENSION: Guest Translation Granule Identification Mechanism;
SLE-21097;492069;;bpetkov;Done;Should Have;;mhocko;;;N/A;Dev:  [AMD  Feature] Genoa: 5-level page table updates;
SLE-21071;491983;;;Planning;Must Have;;kukuk;none;;N/A;Dev: [cryptsetup] Unlocking LUKS volumes with TPM2 or FIDO2 key;
SLE-21070;491982;;tsaupe;Open;Must Have;;BenniBrunner;none;;N/A;Dev: [dracut] Unlocking LUKS volumes with TPM2 or FIDO2 key;
SLE-21069;491981;;michael-chang;Open;Must Have;;BenniBrunner;none;;N/A;Dev: [grub2] Unlocking LUKS volumes with TPM2 or FIDO2 key;
SLE-21066;491978;;;Rejected;Must Have;;locilka;none;;N/A;Dev: [YaST] Unlocking LUKS volumes with TPM2 or FIDO2 key;
SLE-21061;491963;;;Open;Could Have;;locilka;none;;Medium;Dev: Simplify the YaST wireless configuration and support multiple networks;
SLE-21903;495297;suntorytimed;dspinella;Done;Wish to Have;;kstreitova;none;;Low;Dev: sle15sp4: Update hdparm to 9.62;
SLE-21892;495250;Jeffreycheung;bpetkov;Done;Could Have;;mhocko;none;;Low;Dev: Retrieve and print retry_rd_err_log registers for ICX;
SLE-21888;495192;suntorytimed;pperego;In Progress;Should Have;;smanolov;none;;N/A;Dev: Update pam_u2f to 1.1.1 (or later);
SLE-21884;495179;fcrozat;;Planning;Wish to Have;;yfjiang;qzhao;;N/A;Dev: Upgrade ibus >= 1.5.24 and all necessary ibus engines.;
SLE-21882;495177;fcrozat;;Planning;Wish to Have;;yfjiang;qzhao;;N/A;Dev: Upgrade plymouth to 20201026+53c83cc;
SLE-21880;495175;fcrozat;;Planning;Should Have;;sreeves1;alarrosa;;N/A;Dev: 15 SP4 xdg-utils update;
SLE-21878;495172;ihno;;Planning;Must Have;;sfent;none;;N/A;Dev: New package request: driverctl >= 0.111 (aka: Provide persistent vfio-ccw device assignments - driverctl part);
SLE-21871;495144;Jeffreycheung;;Planning;Could Have;;mhocko;;;N/A;Dev: Backport MEMORY_DEVICE_PUBLIC patches to SLES 15 SP4;
SLE-21857;495075;fcrozat;;Planning;Should Have;;sreeves1;jfkw;;N/A;Dev: Move helm to the containers module;
SLE-21855;495065;fcrozat;fbui;Done;Must Have;;BenniBrunner;fbui;;N/A;Dev: remove udev dependency in systemd main package;
SLE-21853;495053;horon;;Open;Must Have;;ptesarik;michals;;N/A;Dev: Avoid the need to reload kdump service on CPU DLPAR operations (kernel part);
SLE-21845;494785;a_faerber;ptesarik;Planning;Should Have;;ptesarik;none;;N/A;Dev: Driver for Firmware Framework (FF) for Arm A-profile processors;
SLE-21827;494752;fcrozat;henrix;Done;Must Have;;goldwynr;henrix;;N/A;Dev: Update fuse3 to the version >= 3.9.1;
SLE-21821;494743;suntorytimed;;Done;Could Have;;BenniBrunner;BenniBrunner;;N/A;Dev: Update libfastjson to 0.99.9;
SLE-21819;494741;suntorytimed;;Planning;Should Have;;kstreitova;none;;N/A;Dev: refresh all python-* packages in SLE-15 with the Factory versions;
SLE-21815;494737;suntorytimed;psimons;Open;Could Have;;kstreitova;none;;Low;Dev: Update vsftpd to version 3.0.4;
SLE-21811;494733;suntorytimed;psimons;Open;Could Have;;kstreitova;none;;Low;Dev: Update ed to version 1.17;
SLE-21808;494730;suntorytimed;psimons;Open;Could Have;;kstreitova;none;;Low;Dev: Update bonnie to version 1.6;
SLE-21805;494727;suntorytimed;psimons;Open;Could Have;;kstreitova;none;;Low;Dev: Update usb_modeswitch to version 2.6.1;
SLE-21802;494724;suntorytimed;psimons;Open;Could Have;;kstreitova;none;;Medium;Dev: Update re2c to version 2.1.1;
SLE-21798;494720;suntorytimed;psimons;Open;Could Have;;kstreitova;none;;Low;Dev: Update netcat-openbsd to version 1.203;
SLE-21795;494717;suntorytimed;ohollmann;Open;Could Have;;kstreitova;none;;Low;Dev: Update haveged to version 1.9.14;
SLE-21792;494714;suntorytimed;psimons;Open;Could Have;;kstreitova;none;;Low;Dev: Update mlocate to Factory version;
SLE-21788;494710;suntorytimed;psimons;Open;Could Have;;kstreitova;none;;Low;Dev: Update fdupes to 2.1.2;
SLE-21785;494707;suntorytimed;psimons;Open;Could Have;;kstreitova;none;;Low;Dev: Update lftp to version 4.9.2;
SLE-21780;494702;suntorytimed;;Rejected;Should Have;;bruclik;none;;N/A;Dev: Add nodejs16 to Web and Scripting module;
SLE-21775;494697;suntorytimed;pmonrealgonzalez;Done;Could Have;;kstreitova;pmonrealgonzalez;;Low;Dev: Update tcpdump and libpcap to the latest version in SLE-15-SP4;
SLE-21771;494693;suntorytimed;pmonrealgonzalez;Done;Could Have;;kstreitova;pmonrealgonzalez;;Low;Dev: Update rsync to the latest version in SLE-15-SP4;
SLE-21768;494690;suntorytimed;pmonrealgonzalez;Done;Could Have;;kstreitova;pmonrealgonzalez;;Low;Dev: Update expat to the latest version in SLE-15-SP4;
SLE-21765;494687;suntorytimed;pmonrealgonzalez;Done;Could Have;;kstreitova;pmonrealgonzalez;;Low;Dev: Update logrotate to the latest version in SLE-15-SP4;
SLE-21762;494684;suntorytimed;pmonrealgonzalez;Done;Could Have;;kstreitova;pmonrealgonzalez;;Low;Dev: Update libxml2 and libxslt to the latest version in SLE-15-SP4;
SLE-21758;494680;suntorytimed;;In Progress;Should Have;;jeff_mahoney;none;;N/A;Dev: Enable zstd compression for kernel modules;
SLE-21755;494677;suntorytimed;gyribeiro;Open;Should Have;;Neyleah;none;;Medium;Dev: Remove nodejs12 from SLE15 SP4;
SLE-21752;494674;suntorytimed;simotek;Done;Should Have;;kstreitova;none;;Medium;Dev: Update cmake for 15 SP4;
SLE-21697;494453;Jeffreycheung;;Rejected;Should Have;;hreinecke;NMoreyChaisemartin;;N/A;Dev: Update OPAE package to latest mainline/factory version;
SLE-22122;496032;suntorytimed;pmonrealgonzalez;Done;Could Have;;kstreitova;none;;Low;Dev: Update libgpg-error to the latest version in SLE-15-SP4;
SLE-22119;496026;suntorytimed;sbrabec;Done;Should Have;;kstreitova;sbrabec;;Low;Dev: Update UPS packages;
SLE-22113;496018;suntorytimed;sbrabec;Rejected;Should Have;;kstreitova;none;;N/A;Dev: Update smartmontools to the latest version;
SLE-22110;496015;suntorytimed;dspinella;Done;Could Have;;kstreitova;none;;Low;Dev: sles15sp4: Update whois to 5.5.10;
SLE-22107;496012;suntorytimed;dspinella;Done;Could Have;;kstreitova;none;;Low;Dev: sles15sp4: Update libarchive to 3.5.2;
SLE-22104;496009;suntorytimed;sbrabec;Done;Could Have;;kstreitova;sbrabec;;Low;Dev: Update yaml-cpp;
SLE-22103;496008;suntorytimed;;Rejected;Should Have;;yfjiang;none;;N/A;Dev: [gnome] Update kbd;
SLE-22102;496007;suntorytimed;;In Progress;Should Have;;Neyleah;none;;N/A;Dev: [pattern] Update kbd;
SLE-22101;496006;suntorytimed;;In Progress;Should Have;;locilka;none;;Low;Dev: [yast] Update kbd;
SLE-21658;494288;suntorytimed;rmax;Done;Should Have;;sfent;none;;N/A;Dev: Provide the recent PostgreSQL release (14.x) with SLE 15 SP4;
SLE-20883;491280;;;Rejected;Should Have;;mhocko;none;;Medium;Dev: SGX (Intel Software Guard Extensions) Support - User Space Part;
SLE-20876;491271;;aginies;Done;Could Have;;anicka;aginies;;N/A;Dev: Request to include mpi/cray-shasta plugin in slurm for 15-SP4;
SLE-20874;491269;;;In Progress;Should Have;;claudiofontana;kallan;;N/A;Dev: KVM: Deliver VMDP drivers for windows as containers;
SLE-20872;491267;;;Planning;Should Have;;jmcdough;none;;N/A;Dev: HPC:  Improve system to be ready for HPC;
SLE-20870;491265;aginies;aginies;In Progress;Should Have;;jmcdough;none;;N/A;Dev: HPC:  optimise the product focusing on a SLE HPC ready OS (SLE 15 SP4: drop);
SLE-19590;486922;;;Rejected;Could Have;;ptesarik;none;;N/A;Dev: DSA: DSA clear page engine;
SLE-19587;486896;;joro;Done;Could Have;;mhocko;none;;N/A;Dev: IOMMU: [IOMMU] Improve the map/unmap APIs in the iommu core;
SLE-19582;486887;;bpetkov;Done;Could Have;;mhocko;none;;Low;Dev: RAS: EDAC driver support for SPR with 2-level memory ;
SLE-19578;486877;;joeyli;Rejected;Could Have;;joeyli;none;;N/A;Dev: CPU Features: Enable vAES-CTR optimization;
SLE-19569;486866;;jirislaby;Done;Could Have;;mhocko;none;;N/A;Dev: Fixes and improvements for FPU handling on x86 (Pre-req AMX);
SLE-19565;486860;;sndirsch;Done;Could Have;;ptesarik;none;;N/A;Dev: Rebase Mesa for SLE 15 SP4;
SLE-19552;486604;;xiaoguang_wang;Done;Must Have;;yfjiang;none;;Medium;Dev: Ensure DISPLAY variable doesn't change between gdm login and user session;
SLE-19550;486602;;sndirsch;Done;Must Have;;ptesarik;none;;N/A;Dev: Separate xwayland from main xorg-server package;
SLE-19548;486600;;suntorytimed;Open;Must Have;;Neyleah;none;;N/A;Dev: Make NetworManager available in 15 SP4 only through Workstation Extension;
SLE-19546;486598;;mgorse;In Progress;Should Have;;sreeves1;none;;N/A;Dev: Drop perl requirement in xdg-utils;
SLE-19544;486596;;yfjiang;Done;Should Have;;yfjiang;none;;High;Dev: Add GTK 4.0;
SLE-19542;486594;;yfjiang;Open;Should Have;;yfjiang;none;;Low;Dev: Update python-pycairo to 1.20.0;
SLE-19540;486592;;alarrosa;In Progress;Should Have;;sreeves1;alarrosa;;Low;Dev:  Qt5 stack update to 5.15.2 + KDE patches ;
SLE-19538;486590;;yfjiang;Open;Could Have;;yfjiang;;;Medium;Dev: Customer is requesting SUSE use updated cairo package with SLES.;
SLE-19531;486577;;;Open;Could Have;;claudiofontana;dfaggioli;;N/A;Dev: KVM: Fine-grained control of CPU-cache topology for VMs;
SLE-19527;486572;;aginies;In Progress;Should Have;;claudiofontana;vulyanov;;N/A;Dev: kubevirt SEV: upstream support for basic AMD-SEV and SEV-ES;
SLE-19508;486508;;bpetkov;Rejected;Could Have;;mhocko;none;;Medium;"Dev: RAS, SGX: SGX - MCA Recovery";
SLE-19472;486344;;firstyear;Open;Should Have;;jmcdough;none;;Medium;Dev: Update rust regularly to follow upstream more closely;
SLE-19466;486333;;bpetkov;Done;Should Have;;mhocko;none;;Medium;Dev: SGX (Intel Software Guard Extensions) Support - Kernel Part;
SLE-19457;486323;;LMartin;Open;Should Have;;STorresi;none;;Low;Dev: SAPHanaSR improve fast-dying indexserver support;
SLE-19451;486315;;pluskalm;Done;Could Have;;ptesarik;;;N/A;Dev: Thunderbolt: TBT SW CM AR/TR host router NVM update - user space part;
SLE-19446;486295;;sndirsch;Done;Could Have;;ptesarik;sndirsch;;N/A;Dev: Media driver enablement;
SLE-19444;486293;;;Planning;Could Have;;ptesarik;oneukum;;N/A;Dev: Thunderbolt: TBT SW CM AR/TR host router NVM update;
SLE-19442;486291;;;Done;Could Have;;ptesarik;tiwai;;N/A;Dev: Garfield Peak 4 discrete supporting Wi-Fi 6E AX411;
SLE-19440;486289;;sndirsch;Done;Could Have;;ptesarik;sndirsch;;N/A;Dev: graphics update: Mesa;
SLE-19434;486283;;;In Progress;Could Have;;ptesarik;oneukum;;N/A;Dev: Thunderbolt: TBT SW CM AR/TR lane bonding support;
SLE-19432;486281;;;Done;Could Have;;ptesarik;tiwai;;N/A;Dev: Garfield Peak 2 discrete supporting Wi-Fi 6E AX211;
SLE-19425;486257;;tsbogend;Done;Should Have;;hreinecke;tsbogend;;Low;Dev: Intel Omni Path hfi1 driver: update to the latest upstream version;
SLE-19423;486214;;NMoreyChaisemartin;Done;Should Have;;hreinecke;NMoreyChaisemartin;;Medium;Dev: Update the Mellanox MFT Tool for Secure Firmware support to the latest upstream version;
SLE-19415;486206;;;Blocked;Must Have;;ptesarik;michals;;Medium;Dev: Administrator-authorized verification key (for IMA) (crypto);
SLE-19411;486202;;michals;Blocked;Must Have;;ptesarik;michals;;Low;Dev: Kernel lockdown for POWER (required for secure boot) (crypto/ima);
SLE-19409;486200;;jsikes;Open;Must Have;;kstreitova;none;;N/A;Dev: [P10] POWER10 performance enhancements for cryptography: OpenSSL;
SLE-19407;486198;;;Open;Must Have;;ptesarik;michals;;Medium;Dev: Add build-time verification key for IMA module verification keys (crypto);
SLE-19405;486196;;;Open;Must Have;;ptesarik;none;;Low;Dev: Avoid the need to reload kdump service on CPU DLPAR operations (kdump);
SLE-19399;486190;;pluskalm;In Progress;Must Have;;pluskalm;pluskalm;;N/A;Dev: lshw package update for ppc64le;
SLE-19397;486188;;;Blocked;Must Have;;ptesarik;michals;;Low;Dev: libvpd package update - ppc64le;
SLE-19393;486184;;michals;In Progress;Must Have;;ptesarik;none;;N/A;Dev: libservicelog package update - ppc64le;
SLE-19391;486182;;michals;In Progress;Must Have;;ptesarik;michals;;Low;Dev: servicelog package update for ppc64le;
SLE-19387;486178;;cvoegl;Done;Must Have;;NMoreyChaisemartin;cvoegl;;N/A;Dev: pmdk: Update to version 1.11;
SLE-19383;486174;;michals;Blocked;Must Have;;ptesarik;michals;;Low;Dev: Support to handle control memory access error;
SLE-19381;486172;;;In Progress;Must Have;;matz2;zxyyz;;Low;Dev: glibc: Backport ifunc optimizations for ppc64le from upstream;
SLE-19379;486170;;michals;Blocked;Must Have;;ptesarik;michals;;Low;Dev: Add support for reporting dirty shutdown count (NDCTL part);
SLE-22297;498192;Jeffreycheung;;In Progress;Should Have;;joeyli;shunghsiyu;;N/A;Dev: Update BPF tooling to their latest version in SLES15SP4;
SLE-22293;498123;Jeffreycheung;;Planning;Could Have;;hreinecke;;;N/A;Dev: Add support for a NVMe-oF-TCP CDC Client in SLES - TP 8010;
SLE-22287;498093;ihno;;In Progress;Must Have;;matz2;tomdevries;;N/A;Dev: BINUTILS: Support for new IBM Z Hardware - GDB Part;
SLE-21594;493779;fcrozat;;In Progress;Must Have;;sreeves1;brunoleon;;N/A;Dev: Create an RMT container for SLE 15 SPx to bring the SLE world closer to the cloud- and container-native world;
SLE-21587;493772;suntorytimed;;In Progress;Should Have;;yfjiang;none;;N/A;Dev: update colord-gtk;
SLE-21570;493670;suntorytimed;pgajdos;Done;Could Have;;kstreitova;pgajdos;;Medium;Dev: 15sp4: version update of mtools to 4.0.newest;
SLE-21553;493575;aginies;;Planning;Should Have;;ta-ro;;;N/A;Dev: HPC: Update SLURM to 22.05 or later;
SLE-21547;493514;aginies;;Blocked;Could Have;;claudiofontana;none;;N/A;Dev: SUMA integration;
SLE-21536;493500;gameboy974;;Planning;Could Have;;lrupp;none;;N/A;Dev: Renaming JeOS to Minimal-VM and Minimal-Image or just Minimal;
SLE-21534;493498;lkocman;;Planning;Could Have;;sreeves1;none;;N/A;Dev: Create a WSL pattern or metapackage;
SLE-21532;493496;gameboy974;gmoro;Planning;Could Have;;bruclik;none;;N/A;Dev: Renaming JeOS to Minimal-VM and Minimal-Image or just Minimal;
SLE-21528;493490;lkocman;;Planning;Could Have;;kvanderveer;none;;N/A;"Dev: WSL Team: Move templating of AppxManifest.xml to KIWI templated definition, package wsl-appx becomes static metadata assets only";
SLE-18867;484964;;;Open;Should Have;;claudiofontana;charlesa;;N/A;Dev: Unable to set timeout for XVDx devices in domU;
SLE-18854;484925;;;Done;Must Have;;ptesarik;michals;;Low;Dev: Add support for reporting dirty shutdown count (kernel part);
SLE-18852;484923;;;Blocked;Must Have;;ptesarik;michals;;Low;Dev: Enable kernel config options for Power arch hardening;
SLE-18848;484918;;;Blocked;Must Have;;ptesarik;michals;;N/A;Dev: iprutils package update - ppc64le;
SLE-18846;484916;;;Blocked;Must Have;;ptesarik;michals;;Low;Dev: Power kernel vmap stack;
SLE-18844;484914;;;Done;Must Have;;ptesarik;michals;;Low;Dev: Enable NX-GZIP engine on PowerVM;
SLE-18840;484910;;michals;Blocked;Must Have;;ptesarik;none;;Low;Dev: [P10] POWER10 performance enhancements for cryptography in the kernel;
SLE-20052;488590;;;In Progress;Should Have;;yfjiang;none;;N/A;Dev: Tech Preview to enable Wayland on the latest Nvidia proprietary driver.;
SLE-20050;488588;;;Done;Must Have;;ptesarik;duwe;;N/A;Dev: libxkbcommon upgrade;
SLE-20037;488439;;;Open;Must Have;;STorresi;none;;High;Dev: Hawk 2.x security audit and big patch release;
SLE-20033;488435;;varkoly;Under Review;Could Have;;STorresi;none;;Low;Dev: remove libssh2-1 from sap-hana pattern;
SLE-20025;488403;;;Blocked;Should Have;;mhocko;none;;Medium;Dev: Secured-Core (DRTM);
SLE-20020;488356;;joeyli;In Progress;Should Have;;joeyli;;;N/A;"Dev: fwupd: Staying on up-to-date firmware is important, why not make it easy?";
SLE-20018;488354;;;Rejected;Should Have;;j_renner;mlandres;;N/A;"Dev: zypper: Staying on up-to-date firmware is important, why not make it easy?";
SLE-19998;488134;;alarrosa;Open;Must Have;;sreeves1;none;;Low;Dev: gstreamer update 1.20.x;
SLE-19996;488132;;;In Progress;Should Have;;yfjiang;none;;N/A;Dev: Tech Preview to enable Wayland on the latest Nvidia proprietary driver.;
SLE-19981;488093;;joro;Done;Could Have;;mhocko;none;;N/A;Dev: IOMMU: Allow devices to have more than 32 outstanding PRQ;
SLE-19956;487852;;;Rejected;Could Have;;mhocko;none;;N/A;Dev: DMA IOMMU PCI: Expose MSI-x to user space drivers for polling;
SLE-19954;487850;;jones_tony;Blocked;Could Have;;mgorman;jones_tony;;Low;Dev: perf: Support --cputype option for hybrid events;
SLE-19952;487785;holgisms;lee_duncan;Planning;Should Have;;hreinecke;lee_duncan;;Low;Dev: Update the Microchip pmcraid driver;
SLE-19950;487783;holgisms;lee_duncan;Planning;Must Have;;hreinecke;lee_duncan;;Low;Dev: Update the Microchip pm80xx/pm8001 driver;
SLE-19948;487781;holgisms;mwilck;Done;Must Have;;hreinecke;mwilck;;Medium;Dev: Microchip hpsa driver update;
SLE-19946;487779;holgisms;dkirjanov;Done;Must Have;;hreinecke;dkirjanov;;Medium;Dev: Solarflare needs the sfc driver update with patches going into kernel 5.14;
SLE-19944;487777;holgisms;NMoreyChaisemartin;Done;Should Have;;hreinecke;NMoreyChaisemartin;;Medium;Dev: Update the perftest for Mellanox/NVIDIA;
SLE-19942;487775;;joro;In Progress;Could Have;;mhocko;none;;Medium;Dev: AMD SEV-SNP Guest support;
SLE-19940;487773;;patrikjakobsson;Done;Could Have;;ptesarik;patrikjakobsson;;N/A;Dev: AMD GPU Dimgrey Cavefish support;
SLE-19938;487771;;patrikjakobsson;Done;Could Have;;ptesarik;patrikjakobsson;;N/A;Dev: AMD GPU Green Sardine support;
SLE-19936;487769;;;Done;Should Have;;claudiofontana;jziviani;;N/A;Dev: AMD SEV-ES Host support;
SLE-19934;487767;;patrikjakobsson;Done;Could Have;;ptesarik;patrikjakobsson;;N/A;Dev: AMD GPU Yellow Carp support;
SLE-19932;487765;;patrikjakobsson;Done;Could Have;;ptesarik;patrikjakobsson;;N/A;Dev: AMD GPU Beige Goby support;
SLE-19930;487763;holgisms;tsbogend;In Progress;Must Have;;hreinecke;tsbogend;;Medium;Dev: Update the Pensando iconic driver;
SLE-19928;487761;holgisms;mwilck;Done;Must Have;;hreinecke;mwilck;;High;Dev: Microchip smartpqi driver update;
SLE-19926;487759;holgisms;lee_duncan;Done;Must Have;;hreinecke;lee_duncan;;Low;Dev: Update the Microchip aacraid driver;
SLE-19907;487714;holgisms;tsbogend;Open;Must Have;;hreinecke;tsbogend;;Medium;Dev: Update the Chelsio cxgb4vf driver;
SLE-19903;487710;holgisms;NMoreyChaisemartin;Done;Must Have;;hreinecke;NMoreyChaisemartin;;Medium;Dev: Update the rdma core for Mellanox/NVIDIA;
SLE-19895;487702;;joeyli;In Progress;Should Have;;joeyli;none;;N/A;Dev: ACPI NFIT/HMAT Updates;
SLE-19893;487700;;joeyli;In Progress;Should Have;;joeyli;none;;N/A;Dev: ACPI 6.4 Support;
SLE-19891;487698;holgisms;lee_duncan;Planning;Must Have;;hreinecke;lee_duncan;;Medium;Dev: Update the Chelsio cxgbit driver;
SLE-19889;487696;holgisms;tsbogend;Open;Must Have;;hreinecke;tsbogend;;Medium;Dev: Update the Chelsio iw_cxgb4 driver;
SLE-19887;487694;holgisms;lee_duncan;Done;Must Have;;hreinecke;lee_duncan;;Medium;Dev: Update the Chelsio cxgb4i driver;
SLE-19885;487692;holgisms;tsbogend;Open;Must Have;;hreinecke;tsbogend;;Medium;Dev: Update the Chelsio cxgb4 driver;
SLE-19883;487690;holgisms;NMoreyChaisemartin;Done;Must Have;;hreinecke;NMoreyChaisemartin;;Medium;Dev: Update specific Chelsio parts of libibverbs;
SLE-19881;487688;holgisms;lee_duncan;Done;Should Have;;hreinecke;lee_duncan;;Medium;Dev: Update the Chelsio csiostor driver;
SLE-19879;487686;holgisms;tsbogend;Open;Should Have;;hreinecke;tsbogend;;Medium;Dev: Update the Chelsio soft iWarp;
SLE-19877;487684;holgisms;tsbogend;Open;Should Have;;hreinecke;tsbogend;;Medium;Dev: Update the Chelsio inline TLS driver;
SLE-19875;487682;holgisms;dkirjanov;Done;Must Have;;hreinecke;dkirjanov;;Medium;Dev: Update the Marvell qed driver;
SLE-19873;487680;holgisms;lee_duncan;Done;Must Have;;hreinecke;lee_duncan;;Medium;Dev: Update the Marvell qedi driver;
SLE-19871;487678;holgisms;lee_duncan;Done;Must Have;;hreinecke;lee_duncan;;Medium;Dev: Update the Marvell qedf driver;
SLE-19869;487676;holgisms;NMoreyChaisemartin;Done;Must Have;;hreinecke;NMoreyChaisemartin;;Medium;Dev: Update the Mellanox/Nvidia libvma parts;
SLE-19866;487673;holgisms;NMoreyChaisemartin;Done;Must Have;;hreinecke;NMoreyChaisemartin;;Medium;Dev: Update ucx (openucx) Mellanox/Nvidia;
SLE-19865;487672;holgisms;NMoreyChaisemartin;Done;Must Have;;hreinecke;NMoreyChaisemartin;;Low;Dev: Update the mstflint for Mellanox/Nvidia;
SLE-19861;487668;holgisms;tiwai;Done;Must Have;;ptesarik;tiwai;;N/A;Dev: Update the Chelsio cxgb4 firmware;
SLE-19859;487666;holgisms;mkubecek;Open;Must Have;;hreinecke;mkubecek;;Medium;Dev: Update iproute2 for Chelsio;
SLE-19857;487664;holgisms;wagi;Open;Must Have;;hreinecke;wagi;;Medium;Dev: Update the Marvell qla2xxx driver;
SLE-19855;487662;holgisms;dkirjanov;In Progress;Must Have;;hreinecke;dkirjanov;;Medium;Dev: Update the Marvell atlantic kernel driver;
SLE-19853;487660;holgisms;dkirjanov;Open;Must Have;;hreinecke;dkirjanov;;Medium;Dev: Update the Marvell qedr driver;
SLE-19851;487658;holgisms;NMoreyChaisemartin;Done;Must Have;;hreinecke;NMoreyChaisemartin;;Medium;Dev: Update the Marvell libqedr library;
SLE-19849;487656;holgisms;dkirjanov;Open;Must Have;;hreinecke;dkirjanov;;Medium;Dev: Update the Marvell qede driver;
SLE-19847;487654;holgisms;lee_duncan;In Progress;Must Have;;hreinecke;lee_duncan;;Medium;Dev: Update the Open-lldpad for Mellanox/Nvidia;
SLE-19841;487648;holgisms;NMoreyChaisemartin;Done;Must Have;;hreinecke;NMoreyChaisemartin;;Medium;Dev: Update the ibutils for Mellanox/Nvidia;
SLE-19839;487646;holgisms;mkubecek;Open;Must Have;;hreinecke;mkubecek;;Medium;Dev: Update ethtool including any Mellanox specifics;
SLE-19837;487644;holgisms;NMoreyChaisemartin;Done;Must Have;;hreinecke;NMoreyChaisemartin;;Medium;Dev: Pull in openmpi2 updates for Mellanox/Nvidia;
SLE-19835;487642;holgisms;jsikes;Done;Must Have;;kstreitova;jsikes;;High;Dev: openssl update for Mellanox/Nvidia;
SLE-19833;487640;holgisms;NMoreyChaisemartin;Open;Must Have;;hreinecke;NMoreyChaisemartin;;Medium;Dev: libpacap1 update for Mellanox/Nvidia;
SLE-19831;487638;holgisms;mkubecek;Open;Must Have;;hreinecke;mkubecek;;Medium;Dev: Update iproute2 for Mellanox/Nvidia;
SLE-19829;487636;holgisms;mbrugger;Done;Must Have;;ptesarik;mbrugger;;N/A;Dev: Update the rshim to the most recent;
SLE-19827;487634;holgisms;lee_duncan;Planning;Must Have;;hreinecke;lee_duncan;;Medium;Dev: Update the Chelsio libcxgbi library;
SLE-19823;487630;holgisms;NMoreyChaisemartin;Done;Must Have;;hreinecke;NMoreyChaisemartin;;Medium;Dev: Update the Chelsio libcxgb4 library;
SLE-19821;487628;holgisms;tsbogend;Open;Must Have;;hreinecke;tsbogend;;Medium;Dev: Update the Chelsio chcr;
SLE-19819;487626;holgisms;dkirjanov;Open;Must Have;;hreinecke;dkirjanov;;Low;Dev: Update the Marvell qlcnic driver;
SLE-19817;487624;holgisms;dkirjanov;Open;Must Have;;hreinecke;dkirjanov;;Low;Dev: Update the Marvell qlge driver;
SLE-19815;487622;holgisms;hreinecke;In Progress;Should Have;;hreinecke;;;Low;Dev: Upate the Marvell bna driver;
SLE-19813;487620;holgisms;hreinecke;In Progress;Should Have;;hreinecke;hreinecke;;Low;Dev: Update the Marvell bfa driver;
SLE-19811;487618;holgisms;dkirjanov;Done;Must Have;;hreinecke;dkirjanov;;Medium;Dev: Update the Marvell bnx2x driver;
SLE-19809;487616;holgisms;dkirjanov;Open;Must Have;;hreinecke;dkirjanov;;Medium;Dev: Update the Marvell bnx2 driver;
SLE-19807;487614;holgisms;lee_duncan;Done;Must Have;;hreinecke;lee_duncan;;Medium;Dev: Update the Marvell bnx2i driver;
SLE-19805;487612;holgisms;lee_duncan;Planning;Must Have;;hreinecke;lee_duncan;;Medium;Dev: Update the Marvell bnx2fc kernel driver;
SLE-19803;487610;holgisms;lee_duncan;Planning;Must Have;;hreinecke;lee_duncan;;Medium;Dev: Marvell cnic driver update;
SLE-19801;487608;holgisms;wagi;Open;Must Have;;hreinecke;wagi;;Medium;Dev: Need to enable boot from SAN with NVMe over Fibre;
SLE-19799;487606;a_faerber;mbrugger;Planning;Must Have;;ptesarik;mbrugger;;N/A;Dev: Add BlueField-3 support along with 1 and 2;
SLE-19797;487604;holgisms;tsbogend;Open;Must Have;;hreinecke;tsbogend;;Medium;Dev: Support the Mellanox/NVIDIA ConnectX 7;
SLE-19795;487602;holgisms;NMoreyChaisemartin;Done;Must Have;;hreinecke;NMoreyChaisemartin;;Medium;Dev: Update opensm for Mellanox/NVIDIA;
SLE-19793;487600;holgisms;tsbogend;In Progress;Must Have;;hreinecke;tsbogend;;Medium;Dev: Update the Mellanox/Nvidia mlx5_core driver;
SLE-19791;487598;holgisms;tsbogend;Open;Must Have;;hreinecke;tsbogend;;Medium;Dev: Update the Mellanox/NVIDIA mlx5_ib driver;
SLE-19787;487594;holgisms;tsbogend;Open;Must Have;;hreinecke;tsbogend;;Medium;Dev: Update the Mellanox/NVIDIA mlx4_core;
SLE-19785;487592;holgisms;tsbogend;Open;Must Have;;hreinecke;tsbogend;;Medium;Dev: Update the Mellanox/NVIDIA mlx4_ib driver;
SLE-19783;487590;holgisms;tsbogend;In Progress;Must Have;;hreinecke;tsbogend;;Medium;Dev: Update the Mellanox/NVIDIA mlx4_en driver;
SLE-19766;487515;;jsikes;Open;Could Have;;kstreitova;jsikes;;High;Dev: Backport Arm openssl 3 improvements to openssl 1.1.1k;
SLE-19756;487498;;jsikes;Planning;Could Have;;kstreitova;jsikes;;N/A;Dev: openSSL 3;
SLE-19754;487496;;pgajdos;Done;Could Have;;kstreitova;pgajdos;;Low;Dev: Update LibVNCServer to 0.9.13;
SLE-19744;487480;;yfjiang;Open;Should Have;;yfjiang;none;;Low;Dev: Update NTFS driver and tools;
SLE-19740;487462;;federico-mena;Open;Should Have;;sreeves1;none;;Low;Dev: Address gnome-terminal on Wayland regressing by losing geometry support for ;
SLE-19738;487460;;alarrosa;In Progress;Could Have;;sreeves1;none;;Medium;Dev: Consider PipeWire for SLE 15 SP4;
SLE-19736;487456;;LPechacek;Done;Should Have;;suntorytimed;none;;N/A;Dev: Switch to compressed firmware files in SLE;
SLE-19730;487405;holgisms;mwilck;Done;Must Have;;hreinecke;mwilck;;Medium;Dev: Broadcom/LSI mpt2sas/mpt3sas update;
SLE-19728;487403;;hreinecke;Rejected;Should Have;;hreinecke;hreinecke;;N/A;Dev: qlnativefc:  update driver to latest upstream version;
SLE-19726;487401;holgisms;mwilck;Done;Must Have;;hreinecke;mwilck;;Medium;Dev: Update the Broadcom megaraid_sas driver;
SLE-19724;487399;holgisms;lee_duncan;Done;Must Have;;hreinecke;lee_duncan;;Medium;Dev: Broadcom mpi3mr driver addition;
SLE-19722;487397;holgisms;wagi;In Progress;Must Have;;hreinecke;wagi;;Medium;Dev: Broadcom Emulex lpfc driver update;
SLE-19720;487395;holgisms;dkirjanov;Done;Must Have;;hreinecke;dkirjanov;;Medium;Dev: Update the Broadcom tg3 driver from the latest upstream parts;
SLE-19718;487393;holgisms;dkirjanov;Open;Must Have;;hreinecke;dkirjanov;;Low;Dev: Update the Broadcom be2net driver;
SLE-19716;487391;holgisms;lee_duncan;Done;Must Have;;hreinecke;lee_duncan;;Low;Dev: Update the Broadcom be2iscsi driver;
SLE-19712;487387;;;Rejected;Should Have;;BenniBrunner;rwill;;N/A;Dev: Support ACPI PMTT ;
SLE-19708;487383;holgisms;NMoreyChaisemartin;Done;Must Have;;hreinecke;NMoreyChaisemartin;;Low;Dev: Broadcom libbnxtre update;
SLE-19706;487381;holgisms;tsbogend;Open;Must Have;;hreinecke;tsbogend;;Medium;Dev: Broadcom bnxt_re driver update;
SLE-19704;487379;holgisms;dkirjanov;Done;Must Have;;hreinecke;dkirjanov;;Medium;Dev: Broadcom bnxt_en driver update;
SLE-19701;487341;;wagi;Open;Must Have;;hreinecke;wagi;;Medium;Dev: Update nvme driver for POWER (NVMe);
SLE-18613;483688;;AngelaBriel;Open;Wish to Have;;STorresi;none;;Low;Dev: SAPHanaSR Cost-Optimized security improvement;
SLE-18590;483620;;ptesarik;In Progress;Must Have;;ptesarik;ptesarik;;N/A;Dev: SMC-R v2 Support;
SLE-18588;483618;;ptesarik;Done;Must Have;;ptesarik;ptesarik;;N/A;Dev: SMC: Statistics Support - kernel part;
SLE-18586;483616;;;Rejected;Must Have;;ptesarik;none;;N/A;Dev: SMC: Support Multiple Elements per RMB/DMB;
SLE-18584;483614;;ptesarik;Open;Must Have;;ptesarik;ptesarik;;N/A;Dev: SMC: Add User-defined EID (Enterprise ID) Support - kernel part;
SLE-18582;483612;;ptesarik;Done;Must Have;;ptesarik;ptesarik;;N/A;Dev: RoCE: Predictable Interface Names - kernel part;
SLE-18580;483610;;ptesarik;Done;Must Have;;ptesarik;ptesarik;;N/A;Dev: zfcp: Enhance user information about HBA firmware version;
SLE-18578;483608;;ptesarik;Blocked;Must Have;;ptesarik;ptesarik;;N/A;Dev: In-kernel crypto: SIMD implementation of chacha20;
SLE-18576;483606;;ptesarik;Done;Must Have;;ptesarik;ptesarik;;N/A;Dev: EP11 related enhancements for pkey module;
SLE-18574;483604;;ptesarik;Done;Must Have;;ptesarik;ptesarik;;N/A;Dev: zcrypt DD: Provide indications that ap bus initialization and DD bindings are complete;
SLE-18572;483602;;;Done;Must Have;;sfent;markkp;;Medium;Dev: libica: make software fallback call to openSSL/libcrypto;
SLE-18570;483600;;;Done;Must Have;;sfent;markkp;;Medium;Dev: openssl-ibmca: do not use libica software fallbacks (crypto);
SLE-18568;483598;;ptesarik;Under Review;Must Have;;ptesarik;ptesarik;;N/A;Dev: Auto scale crashkernel size with hardware changes;
SLE-18566;483596;;jsikes;Planning;Must Have;;kstreitova;jsikes;;N/A;Dev: Update PCRE2 for JIT and Performance Improvements on s390x;
SLE-18564;483593;;;Done;Must Have;;sfent;markkp;;Medium;Dev: Upgrade libica to latest version >= 3.8.0 (crypto);
SLE-18562;483591;;;Done;Must Have;;sfent;markkp;;Medium;Dev: Upgrade openssl-ibmca to latest version >= 2.2.0 (crypto);
SLE-18558;483587;;ptesarik;In Progress;Must Have;;ptesarik;ptesarik;;N/A;Dev: Upgrade the SMC driver to latest from upstream;
SLE-18556;483585;;ptesarik;Done;Must Have;;ptesarik;ptesarik;;N/A;"Dev: Upgrade the QETH driver to latest from upstream, e.g. kernel 5.15";
SLE-18554;483583;;ptesarik;Done;Must Have;;ptesarik;ptesarik;;N/A;"Dev: Upgrade the zfcp driver to latest from upstream, e.g. kernel 5.15";
SLE-18552;483581;;;Done;Must Have;;sfent;markkp;;N/A;Dev: Upgrade smc-tools to latest version >= 1.7.0;
SLE-18550;483579;;;Done;Must Have;;sfent;markkp;;Medium;Dev: Upgrade qclib to latest version > 2.3.0;
SLE-18548;483577;;;Done;Must Have;;sfent;markkp;;Medium;Dev: Upgrade openCryptoki to latest version > 3.16.0;
SLE-18546;483575;;markkp;Blocked;Must Have;;sfent;markkp;;Medium;Dev: Upgrade s390-tools to latest version > 2.16.0;
SLE-18544;483573;;ptesarik;Done;Must Have;;ptesarik;ptesarik;;N/A;Dev: zcrypt DD: Toleration for new IBM Z Crypto Hardware;
SLE-18538;483457;;jfkw;Open;Should Have;;sreeves1;jfkw;;Medium;Dev: FIPS: supply a go built with openssl linkage;
SLE-18475;483105;;;Rejected;Must Have;;claudiofontana;none;;N/A;Dev: Live Migration support for Nvidia vGPU;
SLE-18469;483099;;;Planning;Must Have;;claudiofontana;none;;N/A;Dev: x86 NUMA supported configurations and limitation;
SLE-18465;483095;;aginies;In Progress;Must Have;;claudiofontana;charlesa;;N/A;Dev: Virt-manager refresh for SP4 release;
SLE-18463;483093;;aginies;Done;Must Have;;claudiofontana;jfehlig;;N/A;Dev: Libvirt refresh for SP4 release;
SLE-18461;483090;;jziviani;Open;Must Have;;claudiofontana;jziviani;;N/A;Dev: QEMU refresh for SP4 release;
SLE-18411;482907;;msmeissn;Planning;Must Have;;smanolov;msmeissn;;N/A;Dev: Rebase ima-evm-utils to the latest version;
SLE-18406;482902;;mgerstner;Done;Must Have;;smanolov;mgerstner;;N/A;Dev: Update TrouSerS and tpm-tools to the latest version;
SLE-18387;482883;;ptesarik;Done;Must Have;;ptesarik;ptesarik;;N/A;Dev: Apply ima_measure_critical_data patches;
SLE-20821;491176;;;Planning;Must Have;;kukuk;none;;N/A;Dev: Add the keylime package (attestation);
SLE-20805;491053;;;Open;Should Have;;Neyleah;none;;Low;Dev: Provide Detailed Information on SP Changes on Package Level;
SLE-20796;491038;;mbrugger;Done;Must Have;;ptesarik;mbrugger;;N/A;Dev: Support Huawei/HiSilicon Hi1630 (Kunpeng 930) and Taishan server v3;
SLE-20790;491032;;iivanov;Done;Could Have;;ptesarik;iivanov;;N/A;Dev: Arm v8.7 Enhanced PAN / PAN3 ;
SLE-20788;491030;;mbrugger;In Progress;Could Have;;ptesarik;mbrugger;;N/A;Dev: ARM v8.7 Memory Tagging MTE3;
SLE-20784;491025;;ptesarik;Planning;Could Have;;ptesarik;;;N/A;Dev: ARMv8.3-pauth2 and ARMv8.3-FPAC;
SLE-20782;491023;;ykaukab;Blocked;Could Have;;ptesarik;ykaukab;;N/A;"Dev: ACPI PMU configuration for Porter, CCN, CCI, etc.";
SLE-20776;491017;;iivanov;Blocked;Could Have;;ptesarik;iivanov;;N/A;Dev: ARM v8.4 MPAM (Memory Partitioning and Monitoring);
SLE-20772;491013;;ykaukab;Done;Could Have;;ptesarik;ykaukab;;N/A;Dev: Porter (CMN-600) PMU kernel driver;
SLE-20770;491011;;ykaukab;Blocked;Should Have;;ptesarik;ykaukab;;N/A;Dev: Support Embedded Trace Macrocell on Hi1620 & Hi1630 (Ultrasoc);
SLE-20760;491001;;jones_tony;Blocked;Could Have;;mgorman;;;N/A;Dev: Arm PMU Support;
SLE-20758;490997;;clin;Blocked;Should Have;;joeyli;clin;;N/A;Dev: Huawei Kunpeng PMU new driver and perf event update;
SLE-20750;490987;;mbrugger;Done;Could Have;;ptesarik;mbrugger;;N/A;Dev: Add an option to disable Pointer Authentication;
SLE-20748;490984;;joro;Blocked;Should Have;;mhocko;;;Medium;Dev: Support Shared Virtual Addressing;
SLE-20735;490902;;colyli;Done;Should Have;;hreinecke;colyli;;Medium;Dev: Support configurable stripe size for MD RAID5;
SLE-20729;490895;;iivanov;Rejected;Could Have;;ptesarik;iivanov;;N/A;Dev: SMMUv3.3 multi command queue;
SLE-20726;490892;;ykaukab;Blocked;Could Have;;ptesarik;ykaukab;;N/A;Dev: Enable ACPI for LS1046A;
SLE-20723;490889;;ykaukab;In Progress;Could Have;;ptesarik;ykaukab;;N/A;Dev: Add restool: NXP DPAA2 network configuration tool;
SLE-20721;490887;;mbrugger;Done;Could Have;;ptesarik;mbrugger;;N/A;Dev: ISP1763 support - MPS3 USB kernel driver;
SLE-20718;490884;;ykaukab;Done;Should Have;;ptesarik;ykaukab;;N/A;Dev: Drop support for LX2160A Rev 1;
SLE-20715;490881;;ykaukab;Blocked;Could Have;;ptesarik;ykaukab;;N/A;Dev: Enable ACPI for LX2160A;
SLE-20713;490879;;mbrugger;Done;Should Have;;ptesarik;mbrugger;;N/A;Dev: Update the rshim from v2.0.5.8.3-bp153.1.8 to rshim-2.0.5-9.1;
SLE-20710;490875;;ykaukab;Done;Could Have;;ptesarik;ykaukab;;N/A;"Dev: Arm v9.0 ETE | TRBE";
SLE-20694;490857;;jmoellers;Done;Must Have;;BenniBrunner;jmoellers;;N/A;Dev: Provide pam_faillock to SLE12 and SLE15;
SLE-20684;490847;;;Done;Should Have;;sfent;rmax;;N/A;Dev: dnsmasq update to 2.83;
SLE-20669;490826;;;Planning;Could Have;;sreeves1;none;;N/A;Dev: Feature development on WSL-DistroLauncher;
SLE-20667;490824;;;Rejected;Could Have;;sreeves1;none;;N/A;Dev: Install Microsoft Terminal shortcuts (JSON definitions) with WSL-DistroLauncher;
SLE-20654;490777;;pauloac;Open;Should Have;;jmcdough;pauloac;;Low;Dev: Support switching DFS target servers without unmounting and remounting cifsfs;
SLE-20644;490535;holgisms;hreinecke;Planning;Should Have;;hreinecke;none;;Medium;Dev: Implement granular NVMf host error recovery on SLES;
SLE-20642;490533;holgisms;hreinecke;Blocked;Should Have;;hreinecke;hreinecke;;N/A;Dev: Implement NVMf dispersed namespaces;
SLE-20640;490531;holgisms;wagi;Open;Must Have;;hreinecke;wagi;;Medium;Dev: Enable NVMe over Fabrics both Fibre Channel and TCP;
SLE-20630;490514;;NMoreyChaisemartin;Done;Should Have;;hreinecke;NMoreyChaisemartin;;Medium;Dev: Update PSM2 library to have access to GPU updates and bug fixes;
SLE-20628;490512;;NMoreyChaisemartin;Done;Should Have;;hreinecke;NMoreyChaisemartin;;Low;Dev: Update fast fabric tools to provide additional reporting capability;
SLE-20626;490510;;;Done;Could Have;;hreinecke;tsbogend;;Medium;Dev: Bug fixes in ipoib and potential security related fixes;
SLE-20616;490500;;NMoreyChaisemartin;In Progress;Could Have;;hreinecke;NMoreyChaisemartin;;Low;Dev: Update libfabrics to get access to OPX provider;
SLE-20611;490494;holgisms;wagi;Open;Should Have;;hreinecke;wagi;;Medium;Dev: Add auto-reconnect functionality to NVMe/TCP;
SLE-20597;490466;;scabrero;In Progress;Should Have;;jmcdough;none;;Low;Dev: Update Samba to 4.15;
SLE-20590;490456;;goldwynr;In Progress;Could Have;;goldwynr;goldwynr;;Medium;Dev: Newer Apparmor 3.0.X or 3.1;
SLE-20583;490370;;tiwai;Done;Could Have;;ptesarik;tiwai;;N/A;Dev: [ADL-M] Alder Lake-M Audio Support;
SLE-20575;490354;;;Blocked;Could Have;;locilka;none;;Critical;Dev: Add support for Discoverable Partition Specification Support in Installer;
SLE-20573;490352;;;Done;Wish to Have;;kstreitova;none;;Low;Dev: Update cronie to 1.5.7 and add debianutils;
SLE-20571;490350;;;Blocked;Should Have;;locilka;none;;Medium;Dev: [YaST] Improved booting from remote disks;
SLE-20569;490348;;sbrabec;Planning;Could Have;;kstreitova;none;;N/A;Dev: Prevent fstrim impacting the performance;
SLE-20564;490343;;;Open;Could Have;;locilka;none;;Medium;Dev: A way to choose between dark and light mode depending on customer needs;
SLE-20559;490338;;;Planning;Could Have;;j_renner;none;;N/A;Dev: Simplifying installation of a package from repo with user-defined scheme prefixes;
SLE-20557;490336;;ancorgs;Done;Could Have;;locilka;ancorgs;;Medium;Dev: Don't use UUID= in fstab for LUKS-back-up devices;
SLE-20548;490326;;;Open;Could Have;;locilka;none;;Low;Dev: YaST2: Handle firstboot WSL-specific tasks;
SLE-20543;490320;;suntorytimed;Open;Should Have;;Neyleah;none;;Low;Dev: Migration from SLE 11 to SLE 15 SP4 no longer supported;
SLE-20539;490315;;firstyear;Open;Should Have;;jmcdough;;;High;Dev: Remove pam/nss ldap (SLE 15 SP4);
SLE-20521;490280;;ykaukab;Done;Could Have;;ptesarik;ykaukab;;N/A;Dev: Enable QSPI driver for Tegra SoCs;
SLE-20519;490277;;ykaukab;Done;Could Have;;ptesarik;ykaukab;;N/A;Dev: Enable Audio support for Tegra SOCs;
SLE-20499;490175;;;Open;Wish to Have;;sfent;rmax;;N/A;Dev: Provide Network Time Security (NTS) enabled versions of ntp/chrony;
SLE-20495;490171;;;Done;Could Have;;sfent;trenn;;Medium;"Dev: Tuned is an important package, especially for SLE for SAP";
SLE-20493;490168;;;Blocked;Could Have;;locilka;none;;Low;"Dev: change GRUB_TERMINAL in grub.cfg to ""console""";
SLE-20491;490165;;;Open;Could Have;;locilka;;;Medium;Dev: Installer could use SCC only for updates and fallback to Full Media for the rest;
SLE-20489;490162;;;Rejected;Could Have;;locilka;;;N/A;Dev: port gfxboot to grub2 for better installation menu;
SLE-20483;490156;;;Open;Should Have;;j_renner;none;;Low;Dev: [libzypp] TechPreview: Parallelizing operations during package installation;
SLE-20481;490154;;;Open;Should Have;;locilka;none;;Low;Dev: [YaST UI] Parallelizing operations during package installation;
SLE-20477;490150;;;Rejected;Should Have;;locilka;none;;Low;Dev: Need an AutoYaST Migration Tool;
SLE-20475;490148;;abergmann;Under Review;Should Have;;smanolov;none;;N/A;Dev: net-snmpd - fix config data location to comply w/ FHS (bsc #1181591);
SLE-20464;490136;;tsaupe;In Progress;Should Have;;BenniBrunner;none;;High;Dev: Deprecate mkinitrd wrapper and fix distro tools to use dracut directly (15 SP4);
SLE-20462;490131;;shundhammer;Done;Should Have;;locilka;none;;Low;Dev: Avoid enabling/starting YaST2 modules when there are missing dependencies;
SLE-20460;490127;;;Planning;Could Have;;sfent;;;N/A;Dev: Request to include a new package: redfish-finder;
SLE-20456;490123;;fstrba;Open;Should Have;;bruclik;none;;Low;"Dev: Java JDK Technology Compatibility Kit (TCK) Request, IBM Java 11";
SLE-20453;490120;;ailiopoulos;Done;Could Have;;goldwynr;none;;Medium;Dev: Update xfsprogs to latest stable release;
SLE-20449;490116;;;In Progress;Could Have;;matz2;marxin;;Low;Dev: Offer a service based on debuginfod;
SLE-20447;490114;;;Planning;Could Have;;mlschroe;none;;N/A;Dev: zypper is using df to determine free space and can block installation;
SLE-20423;489977;;;Done;Could Have;;sfent;trenn;;Medium;Dev: Update tmon package to latest factory/mainline sources;
SLE-20421;489975;;;Done;Should Have;;sfent;trenn;;Low;Dev: Update freeipmi package to latest factory/mainline sources;
SLE-20419;489973;;;Done;Should Have;;sfent;trenn;;Low;Dev: Update ipmitool package to latest factory/mainline version;
SLE-20417;489971;;;Done;Should Have;;sfent;trenn;;Medium;Dev: Update rasdaemon package to latest factory/mainline version;
SLE-20398;489936;;msmeissn;In Progress;Could Have;;smanolov;wfrisch;;N/A;Dev: 4C - Centralized Crypto Compliance Configuration;
SLE-20377;489913;;;Open;Should Have;;locilka;none;;Medium;Dev: New mechanism to handle the installer errors and summarize errors in the installer;
SLE-20374;489910;;ptesarik;Open;Should Have;;ptesarik;none;;Low;Dev: Sandbox capture kernel's initrd in production kernel initrd to activate it only when needed (FADump)(kdump);
SLE-20350;489725;;;Done;Should Have;;sfent;trenn;;Medium;Dev: Update numactl package to latest mainline/factory version;
SLE-21053;491928;;joeyli;In Progress;Should Have;;joeyli;none;;N/A;Dev: Update fwupd;
SLE-21040;491898;;pmonrealgonzalez;Done;Could Have;;kstreitova;pmonrealgonzalez;;Low;Dev: Add perl-Glib and perl-Gtk to SLE for use by pcsc-tools;
SLE-21038;491894;;;Planning;Should Have;;kukuk;lnussel;;N/A;Dev: Integrate TPM support into cryptsetup;
SLE-21030;491859;;LPechacek;In Progress;Must Have;;LPechacek;;;High;Dev: Notable kernel changes document;
SLE-21018;491747;rtsvetkov;;Done;Should Have;;sfent;rmax;;Medium;Dev: The tcl package in SLES 12 & 15 is over 4 years old (8.6.7) and 8.6.9 is a support requirement for ISV application on SLES.;
SLE-21006;491728;;;Rejected;Could Have;;ptesarik;none;;N/A;Dev: DSA: IDXD (DSA) driver stage 3;
SLE-20973;491680;;;Planning;Could Have;;claudiofontana;none;;N/A;Dev:   [SLES15 SP4] CrowPass enabling;
SLE-20971;491678;;jsikes;Open;Should Have;;kstreitova;jsikes;;N/A;Dev: FIPS: implement the IPSEC KDF for strongswan in openssl;
SLE-20961;491667;;jsikes;Done;Must Have;;kstreitova;jsikes;;High;Dev: Update openssl 1.1.1 to current stable  release;
SLE-20945;491509;;;Open;Could Have;;claudiofontana;dfaggioli;;N/A;Dev: KVM: Support guest CET feature;
SLE-20942;491506;;hreinecke;Planning;Should Have;;hreinecke;;;N/A;Dev: This will enable boot from NVMe-oF/TCP. The nBFT is similar in function to iBFT (iSCSI) and is currently being discussed in the relevant standards bodies.;
SLE-20940;491504;;;Planning;Could Have;;claudiofontana;;;N/A;Dev: [TP] ARM v8.4: Nested Virtualization Enhancements;
SLE-20920;491349;;joeyli;Blocked;Could Have;;joeyli;none;;N/A;Dev: Support Kunpeng CPU core isolation on error;
SLE-20918;491347;;joeyli;Blocked;Should Have;;joeyli;none;;N/A;Dev: Kunpeng IOMMU update;
SLE-20916;491338;;;Rejected;Could Have;;claudiofontana;none;;N/A;Dev: Virtualization - KVM: KVM TDX;
SLE-20302;489544;;;Blocked;Could Have;;mhocko;none;;N/A;Dev: AMD SEV-SNP Host support;
SLE-20283;489517;holgisms;wagi;Open;Should Have;;hreinecke;wagi;;Medium;Dev: NVMe over TCP support;
SLE-20281;489514;holgisms;wagi;Open;Should Have;;hreinecke;wagi;;Medium;Dev: NVMe over Fibre Channel Boot from SAN support.;
SLE-20279;489511;;;In Progress;Could Have;;matz2;none;;Low;Dev: Provide proper cross compilers;
SLE-20277;489508;;jirislaby;Blocked;Could Have;;mhocko;none;;Medium;Dev: [SLES15 SP4] CXL support;
SLE-20273;489503;;sbradnick;In Progress;Could Have;;sreeves1;none;;N/A;Dev: Add X11 support by default into our WSL2 images;
SLE-20265;489490;;jsikes;Planning;Should Have;;kstreitova;jsikes;;N/A;Dev: ship openssl 3.x parallel to openssl 1.1.1;
SLE-20257;489481;;;Planning;Should Have;;rsimai;;;N/A;Dev: [zypper-migration-plugin] Single click Leap migration to Leap/SLES;
SLE-20255;489479;;;Blocked;Should Have;;locilka;;;N/A;Dev: [yast] Single click Leap migration to Leap/SLES;
SLE-20253;489476;;mcepl;Open;Should Have;;kstreitova;none;;Low;Dev: Provide the recent python release (3.10) with SLE 15 SP4;
SLE-20250;489473;;;Blocked;Should Have;;locilka;none;;Low;Dev: Provide documentation about repository key handling;
SLE-20246;489469;;ataschner;Done;Should Have;;jgarlick;none;;N/A;Dev: supportconfig plugin required for cloud-init;
SLE-20239;489441;;hreinecke;Under Review;Could Have;;hreinecke;none;;N/A;Dev: Include support for TLSv1.3 in Linux Kernel to support NVMe-oF Encryption - TP 8011;
SLE-20237;489428;;;Planning;Should Have;;mhocko;none;;N/A;Dev: CXL Support (.IO) v1.1. and v 2.0;
SLE-20235;489426;;;Rejected;Should Have;;mhocko;none;;Medium;Dev: Range Encryption;
SLE-20233;489424;;;Blocked;Should Have;;mhocko;none;;Medium;Dev: SEV- MK;
SLE-20231;489422;;;Rejected;Could Have;;mhocko;none;;Medium;Dev: SME-MK;
SLE-20229;489401;;mvidner;Done;Could Have;;locilka;none;;Low;Dev: Sort devices by device number in YaST listings;
SLE-20225;489397;;teclator;In Progress;Should Have;;locilka;none;;Medium;Dev: Improve usability and provide more stable and faster formatting of DASD (S/390);
SLE-20223;489395;;;Done;Should Have;;sfent;rmax;;N/A;Dev: update sqlite3 to 3.35.2 or above;
SLE-20221;489393;;;In Progress;Could Have;;BenniBrunner;BenniBrunner;;N/A;Dev: Support systemd-zram-service package;
SLE-20217;489389;;;Open;Could Have;;locilka;none;;Low;Dev: AutoYaST: per-product schema;
SLE-20215;489387;;fbui;Open;Must Have;;BenniBrunner;none;;High;Dev: [systemd] Unlocking LUKS volumes with TPM2 or FIDO2 key;
SLE-20210;489380;;;Rejected;Should Have;;locilka;none;;N/A;Dev: Updating AutoYaST configuration file for next run;
SLE-20208;489376;;;Planning;Must Have;;pgonin;none;;N/A;Dev: [Docker] Fix handling of multiple networks having the same name (SAP patch);
SLE-20206;489374;;;Planning;Could Have;;pgonin;none;;N/A;Dev: KIWI: support msix image format using Microsoft MSIX SDK;
SLE-20204;489372;;;Planning;Could Have;;pgonin;none;;N/A;Dev: KIWI: support AppxManifest.xml validation via msix-packaging XSD schema definitions;
SLE-20202;489370;;;Planning;Could Have;;pgonin;none;;N/A;Dev: KIWI: support AppxManifest.xml snippets in KIWI image definition;
SLE-20200;489368;;;Planning;Could Have;;pgonin;none;;N/A;Dev: WSL KIWI: Specify build time only dependencies equivalent to BuildRequires;
SLE-20198;489366;;;Planning;Could Have;;kvanderveer;none;;N/A;Dev: KIWI: support XML templating for variable substitution;
SLE-20196;489363;;npower;Planning;Should Have;;jmcdough;none;;Medium;Dev: Make samba fit for container (reduce size);
SLE-20194;489361;;;Planning;Should Have;;sfent;none;;N/A;Dev: Add redfish-finder functionality based on wicked instead of NetworkManager;
SLE-20192;489359;;scabrero;Done;Should Have;;jmcdough;none;;Low;Dev: Update sssd;
SLE-20190;489356;;;Planning;Could Have;;joeyli;none;;N/A;Dev: Recovery OS through new HTTP network stack in UEFI;
SLE-20188;489354;;wagi;In Progress;Must Have;;hreinecke;wagi;;Medium;Dev: NVMe: Include libnvme package in SLES 15 SP4;
SLE-20186;489352;;hreinecke;Under Review;Could Have;;hreinecke;hreinecke;;Medium;Dev: NVMe-oF TCP: In-band authentication support - TP8006;
SLE-20181;489210;;;Open;Should Have;;suntorytimed;none;;Medium;Dev: Test Epic for TL Evaluation Demo;
SLE-20177;489188;;gyribeiro;In Progress;Must Have;;Neyleah;;;Medium;Dev: Drop Python 2 (15 SP4);
SLE-20175;489186;;gyribeiro;In Progress;Must Have;;kstreitova;;;High;Dev: Remove Python module (15 SP4);
SLE-20174;489179;;;In Progress;Should Have;;matz2;matz2;;High;Dev: Prepare Glibc for live patching;
SLE-20173;489178;;simotek;Open;Should Have;;kstreitova;;;Medium;Dev: Integrate User Space Live Patching (ULP) into SLE;
SLE-20169;489174;;wagi;Done;Must Have;;hreinecke;wagi;;Medium;Dev: Update lpfc driver for POWER (Broadcom);
SLE-20167;489171;;michals;Blocked;Must Have;;ptesarik;michals;;Low;Dev: PowerVM: Multiqueue support for ibmvfc scsi driver (NPIV);
SLE-20165;489169;;wagi;Done;Must Have;;hreinecke;wagi;;Medium;Dev: Update qla2xxx driver for POWER (Marvell/QLogic);
SLE-20161;489165;;ptesarik;Open;Must Have;;ptesarik;;;N/A;Dev: supportutils package update ('TestOnly' especially on [P10]);
SLE-20159;489163;;wagi;Open;Must Have;;hreinecke;wagi;;Medium;Dev: nvme-cli package update for ppc64le;
SLE-20155;489159;;jsikes;In Progress;Must Have;;kstreitova;none;;Low;Dev: Using user/group negation in sudoers.ldap doesn't work;
SLE-20152;489156;;pmonrealgonzalez;Done;Must Have;;kstreitova;pmonrealgonzalez;;Low;Dev: gpgme upgrade;
SLE-20149;489025;;patrikjakobsson;In Progress;Could Have;;ptesarik;;;N/A;Dev: Graphics: Open CL Driver Update;
SLE-20141;488987;;;Planning;Should Have;;yfjiang;none;;N/A;Dev: Make current printer/scanner auto-detection work and facilitate cross routing domain integration;
SLE-20137;488973;;dmulder;In Progress;Could Have;;jmcdough;none;;Low;Dev: SLES AD Autoenrollement;
SLE-20135;488970;;StevenK;Planning;Could Have;;dirkmueller;none;;N/A;Dev: maintain rpmlint properly;
SLE-20128;488951;;joeyli;In Progress;Should Have;;joeyli;none;;N/A;Dev: Implement ACPI v6.4;
SLE-20123;488933;;fbui;Done;Should Have;;BenniBrunner;fbui;;High;Dev: Update systemd to v249+;
SLE-20121;488931;;mcepl;Done;Should Have;;kstreitova;none;;Low;Dev: Update python-rpm-macros;
SLE-20119;488929;;qzhao;In Progress;Must Have;;yfjiang;none;;Medium;Dev: upgrade icu >= 67.1;
SLE-20117;488927;;tsaupe;Done;Must Have;;BenniBrunner;tsaupe;;Low;Dev: udisks2 upgrade;
SLE-20113;488923;;;In Progress;Must Have;;kstreitova;none;;Medium;Dev: ship python36-dataclasses;
SLE-20111;488921;;msmeissn;In Progress;Must Have;;smanolov;jsegitz;;N/A;Dev: upgrade polkit-default-privs;
SLE-20107;488917;;jsegitz;Open;Should Have;;smanolov;jsegitz;;N/A;Dev: Update SELinux in SLE15;
SLE-20070;488860;;matz2;In Progress;Should Have;;matz2;;;Medium;Dev: Provide User Space Live Patching technology for SLE;
SLE-19647;487164;;dspinella;Done;Must Have;;kstreitova;;;Low;Dev: Review/upgrade accel-config to match 15 SP4 kernel;
SLE-19646;487160;;mwilck;In Progress;Must Have;;hreinecke;mwilck;;Medium;Dev: Review/upgrade suse-module-tools to match 15 SP4 kernel;
SLE-19644;487158;;;Planning;Must Have;;ptesarik;;;N/A;Dev: Review/upgrade iw to match 15 SP4 kernel;
SLE-19643;487157;;mkubecek;Open;Must Have;;hreinecke;mkubecek;;Medium;Dev: Review/upgrade iproute2 to match 15 SP4 kernel;
SLE-19642;487155;;dspinella;In Progress;Must Have;;kstreitova;;;Medium;Dev: Review/upgrade iptables to match 15 SP4 kernel;
SLE-19641;487154;;mkubecek;Open;Must Have;;hreinecke;mkubecek;;Medium;Dev: Review/upgrade ethtool to match 15 SP4 kernel;
SLE-19639;487150;;colyli;Open;Must Have;;hreinecke;colyli;;Medium;Dev: Review/upgrade mdadm to match 15 SP4 kernel;
SLE-19638;487149;;mwilck;In Progress;Must Have;;hreinecke;mwilck;;Medium;Dev: Review/upgrade multipath-tools to match 15 SP4 kernel;
SLE-19637;487148;;lee_duncan;Open;Must Have;;hreinecke;lee_duncan;;Medium;Dev: Review/upgrade lio-utils to match 15 SP4 kernel;
SLE-19636;487146;;jankara;In Progress;Must Have;;mgorman;;;Low;Dev: Review/upgrade e2fsprogs to match 15 SP4 kernel;
SLE-19635;487144;;ailiopoulos;Done;Must Have;;goldwynr;;;Low;Dev: Review/upgrade xfsprogs to match 15 SP4 kernel;
SLE-19634;487143;;goldwynr;In Progress;Must Have;;goldwynr;;;Medium;Dev: Review/upgrade btrfsprogs to match 15 SP4 kernel;
SLE-19627;487120;;;In Progress;Must Have;;matz2;rguenther;;Medium;Dev: Yearly (2021) update for the Toolchain/Development modules;
SLE-19623;487112;;;Rejected;Could Have;;mhocko;none;;N/A;Dev: Performance and Scalability: Avoid clock watchdog when not needed;
SLE-19616;487104;;;Rejected;Could Have;;mhocko;none;;N/A;Dev: CPU Features: Need OS support to implement MCU lockout MSR.;
SLE-19614;487102;;joeyli;Rejected;Could Have;;joeyli;none;;N/A;Dev: ACPI: Implement Platform RunTime Mechanism in Linux (PRM);
SLE-19612;487100;;;Blocked;Could Have;;mhocko;none;;N/A;"Dev: CPU Features, Tools: ICX: numatop support";
SLE-19610;487098;;mvidner;Done;Must Have;;locilka;none;;Low;Dev: Enable Installer to Configure VLAN (linuxrc);
SLE-19608;487096;;;Planning;Must Have;;ptesarik;none;;N/A;Dev: Tool to persistently configure vfio-ap devices - mdevctl part;
SLE-19604;487091;;;Rejected;Must Have;;ptesarik;none;;N/A;Dev: SMC-D: Prometheus Integration;
SLE-19602;487089;;;Done;Must Have;;sfent;markkp;;Medium;Dev: New package request: libzpc: protected key crypto library (for s390x);
SLE-19600;487074;;jones_tony;Rejected;Could Have;;mgorman;none;;Low;Dev: perf: Support CET backtracing in perf;
SLE-19598;487072;;;Rejected;Could Have;;mhocko;none;;N/A;Dev: SGX: SGX-EDMM;
SLE-19596;487053;;;Planning;Could Have;;ptesarik;none;;N/A;Dev: [ADL] New device IDs for ADL-M;
SLE-22094;495999;suntorytimed;dspinella;Done;Could Have;;kstreitova;none;;Low;Dev: sles15sp4: Update libnftnl to 1.2.0;
SLE-22092;495997;suntorytimed;sbrabec;Done;Should Have;;kstreitova;sbrabec;;Low;Dev: Update groff;
SLE-22085;495990;suntorytimed;dspinella;Rejected;Could Have;;kstreitova;none;;N/A;Dev: Update libidn to 1.38 in SLE15-SP4;
SLE-22082;495987;suntorytimed;dspinella;Done;Could Have;;kstreitova;none;;Low;Dev: Update cpio to 2.13;
SLE-22079;495984;suntorytimed;dspinella;Done;Could Have;;kstreitova;none;;Low;Dev: Update dump to 0.4b47;
SLE-22076;495981;suntorytimed;dspinella;Done;Could Have;;kstreitova;none;;Low;Dev: Update less to 590;
SLE-22073;495978;suntorytimed;dspinella;Open;Should Have;;kstreitova;none;;Medium;Dev: Update subversion to 1.14.1 in SLE15-SP4;
SLE-22069;495974;suntorytimed;;Open;Should Have;;locilka;none;;Medium;Dev: Make AppArmor or SELinux Story Finally Great;
SLE-22066;495971;suntorytimed;dspinella;Open;Could Have;;kstreitova;none;;Low;Dev: sle15sp4: Update at to the newer version;
SLE-22063;495968;suntorytimed;pmonrealgonzalez;Done;Could Have;;kstreitova;pmonrealgonzalez;;Low;Dev: Update curl to the latest version in SLE-15-SP4;
SLE-22060;495965;suntorytimed;dspinella;Done;Could Have;;kstreitova;none;;Low;Dev: sle15sp4: Update bzip2 to 1.0.8;
SLE-22057;495962;suntorytimed;dspinella;Open;Should Have;;kstreitova;none;;Low;Dev: sle15sp4: Update tar to 1.34;
SLE-22048;495911;Jeffreycheung;;Rejected;Could Have;;bruclik;adamm;;N/A;"Dev: The default boost version is rather old, a newer default would be beneficial";
SLE-22030;495869;aginies;;Planning;Should Have;;sfent;none;;N/A;Dev: Add RedHat Compatibility to wicked to support Warewulf4;
SLE-22027;495865;suntorytimed;dspinella;Done;Could Have;;kstreitova;none;;Low;Dev: sle15sp4: Update adns to 1.6.0;
SLE-22023;495861;suntorytimed;dspinella;Done;Should Have;;kstreitova;none;;Low;Dev: sle15sp4: Update apache2-mod_security2 to 2.9.4;
SLE-22019;495857;suntorytimed;dspinella;Open;Should Have;;kstreitova;none;;Medium;Dev: Provide the recent MariaDB release (10.6) with SLE 15 SP4;
SLE-22015;495853;suntorytimed;;Open;Could Have;;locilka;none;;Low;Dev: [yast2-*] talking about slaves;
SLE-22011;495848;suntorytimed;fbui;Done;Should Have;;BenniBrunner;fbui;;N/A;Dev: Support unified cgroup hierarchy;
SLE-22007;495844;suntorytimed;;Open;Should Have;;locilka;none;;Medium;Dev: autoyast grub2 password protection;
SLE-22003;495840;suntorytimed;pgajdos;Done;Should Have;;kstreitova;pgajdos;;Medium;Dev: 15sp4: version update of apache2 to 2.4.newest;
SLE-22000;495837;suntorytimed;pgajdos;Done;Could Have;;kstreitova;pgajdos;;Low;Dev: 15sp4: version update of libraw to 20.0.newest;
SLE-21997;495834;suntorytimed;pgajdos;Done;Could Have;;kstreitova;pgajdos;;Low;Dev: 15sp4: version update of libzip to 1.8.newest;
SLE-21994;495831;suntorytimed;pgajdos;Done;Could Have;;kstreitova;pgajdos;;Low;Dev: 15sp4: version update of lz4 to 1.9.newest;
SLE-21991;495828;suntorytimed;pgajdos;Done;Could Have;;kstreitova;pgajdos;;Low;Dev: 15sp4: version update of php7 to 7.4.newest;
SLE-21988;495825;suntorytimed;pgajdos;Done;Could Have;;kstreitova;pgajdos;;Medium;Dev: 15sp4: version update of libjpeg-turbo to 2.1.newest;
SLE-21985;495822;suntorytimed;pgajdos;Done;Could Have;;kstreitova;pgajdos;;Low;Dev: 15sp4: version update of ImageMagick to 7.1.newest;
SLE-21982;495819;suntorytimed;jsikes;Open;Could Have;;kstreitova;none;;Medium;Dev: update glew to 2.2.0;
SLE-21972;495809;suntorytimed;mlandres;In Progress;Should Have;;j_renner;none;;N/A;Dev: zypper single transaction performance enhancement (RFE);
SLE-21968;495805;suntorytimed;mlandres;Planning;Could Have;;j_renner;none;;N/A;Dev: make zypper logging configurable;
SLE-21965;495802;suntorytimed;sbrabec;Done;Should Have;;kstreitova;sbrabec;;Low;Dev: update strace;
SLE-21959;495796;suntorytimed;;Open;Must Have;;jrecord;none;;N/A;Dev: Convert the SCA Tool to Python3;
SLE-21957;495794;suntorytimed;;Planning;Could Have;;kstreitova;none;;N/A;Dev: Include python3-libmount in SLE;
SLE-21953;495790;suntorytimed;tsaupe;In Progress;Should Have;;BenniBrunner;tsaupe;;Medium;Dev: Update dracut to 055;
SLE-21946;495783;suntorytimed;tsaupe;Open;Wish to Have;;BenniBrunner;tsaupe;;Low;Dev: Update genwqe-tools to 4.0.20;
SLE-21943;495780;suntorytimed;;Done;Could Have;;BenniBrunner;BenniBrunner;;Low;Dev: Update gptfdisk to 1.0.8;
SLE-21940;495777;suntorytimed;;Done;Could Have;;BenniBrunner;BenniBrunner;;Low;Dev: Update hwloc to 2.5.0;
SLE-21937;495774;suntorytimed;jmoellers;Done;Should Have;;BenniBrunner;jmoellers;;Medium;Dev: Update bind to 9.16.20;
SLE-21931;495768;suntorytimed;;Planning;Could Have;;sreeves1;none;;N/A;Dev: SUSE Providing a 389ds Directory Server Container;
SLE-21929;495766;suntorytimed;sax2;Planning;Could Have;;kvanderveer;none;;N/A;Dev: KIWI: Conditionally include packages in image definition;
SLE-21925;495762;suntorytimed;;Rejected;Should Have;;locilka;none;;N/A;Dev: Create warning check in Autoyast for UEFI boot partition sizes below 256 MB;
SLE-21633;494164;aginies;NMoreyChaisemartin;Done;Should Have;;ta-ro;;;N/A;Dev: HPC: Update mpich to 3.4.2 or later;
SLE-21629;493905;suntorytimed;adamm;In Progress;Could Have;;bruclik;none;;Low;Dev: freeradius-server update to latest in SP4;
SLE-21626;493902;LPechacek;mwilck;In Progress;Should Have;;hreinecke;none;;Low;Dev: suse-module-tools: move modprobe.d and depmod.d config files from /etc to /lib;
SLE-21613;493886;msmeissn;msmeissn;Done;Could Have;;smanolov;msmeissn;;N/A;Dev: Update libgphoto to 2.5.27;
SLE-19699;487334;;hreinecke;Blocked;Must Have;;hreinecke;none;;N/A;Dev: Add NVMf-FC boot support;
SLE-19678;487295;;;Planning;Could Have;;pgonin;none;;N/A;Dev: Podman 3 or newer ;
SLE-19670;487287;;;In Progress;Could Have;;sfent;WernerFink;;Medium;Dev: Introduce update-alternatives for /bin/sh;
SLE-19668;487285;;fstrba;Open;Must Have;;bruclik;none;;Low;Dev: Provide OpenJDK 17 in SLE 15;
SLE-19659;487276;;fbui;Blocked;Must Have;;BenniBrunner;fbui;;N/A;Dev: retain support of systemd KillMode=none and contribute to providing an alternative for SAP start framework;
SLE-20838;491193;;dspinella;Open;Should Have;;kstreitova;;;Medium;Dev: Update MariaDB from 10.2 to 10.3 in SLE 12 SP4/SP5;
SLE-20833;491188;;xarbulu;In Progress;Must Have;;STorresi;none;;Low;"Dev: hanadb_exporter: Support for AWS Secure Store, HANA Scale-out Installations and SSL enforced HANA Connections";
SLE-20825;491180;;;Rejected;Must Have;;STorresi;none;;High;Dev: Support Ansible as part of SLES for SAP;
SLE-20864;491239;;pmonrealgonzalez;In Progress;Must Have;;kstreitova;pmonrealgonzalez;;Medium;Dev: Upgrade nettle to latest version >= 3.7.4 (crypto);
SLE-20862;491237;;pmonrealgonzalez;Done;Must Have;;kstreitova;pmonrealgonzalez;;Medium;Dev: Upgrade libgcrypt to latest version >= 1.9.x (crypto);
SLE-16178;442968;;;In Progress;Should Have;;claudiofontana;lizhang;;N/A;Dev: [research] QEMU: allow target-specific modules;
SLE-16176;442966;;;Open;Could Have;;claudiofontana;j_gross;;N/A;Dev: [qemu] [libvirt] Improve support for more than 256 logical CPU on x86;
SLE-16174;442964;;;Open;Could Have;;claudiofontana;dfaggioli;;N/A;Dev: [KVM] Enterprise Large VM Configuration Guide;
SLE-16158;442901;;;In Progress;Could Have;;claudiofontana;jziviani;;N/A;Dev: [TP] libvirt: Support running KVM guests on ppc64le;
SLE-16157;442900;;dmdiss;In Progress;Wish to Have;;goldwynr;;;Medium;Dev: [kernel-fs] improve initramfs performance and space efficiency;
SLE-15768;441578;;;Open;Should Have;;Neyleah;;;Low;Dev: Need zypper-search-packages-plugin functionality for RMT (and SUMA);
SLE-15439;440410;;smanolov;In Progress;Could Have;;smanolov;smanolov;;N/A;Dev: Investigate login node improvements - Security;
SLE-16347;443582;;AngelaBriel;Open;Could Have;;STorresi;;;Low;Dev: SAPHanaSR: implement blocker PoC;
SLE-16336;443571;;mkubecek;Planning;Could Have;;hreinecke;mkubecek;;Low;Dev: Information about device down using arp_interval should be in bonding.txt;
SLE-15313;440012;;duwe;Open;Must Have;;ptesarik;duwe;;N/A;Dev: FIPS: Support NIST 800-90B entropy collection in Linux Kernel;
SLE-15183;439627;;suntorytimed;Open;Should Have;;Neyleah;;;High;Dev: Create the patterns with hardware profiles to let YaST select them during installation;
SLE-15181;439625;;;Blocked;Should Have;;locilka;;;Medium;Dev: Let YaST select hardware profile patterns instead of packages during installation;
SLE-17589;459521;;hreinecke;Planning;Could Have;;hreinecke;;;N/A;Dev: [LATE] Include support in yast-installer to auto-detect and install to NVMe-oF TCP volumes;
SLE-14424;437778;;;Open;Could Have;;claudiofontana;charlesa;;N/A;Dev: AMD SEV support with virt-manager;
SLE-17681;460451;;quwenruo_btrfs;In Progress;Must Have;;goldwynr;;;High;Dev: Subpage blocksize support in Btrfs;
SLE-16891;447894;;;Open;Could Have;;locilka;;;Medium;Dev: yast2-country: port to use langtable data;
SLE-17171;452086;;;Planning;Wish to Have;;mlschroe;;;N/A;Dev: RPM write reduction for the sake of root FS snapshot size reduction;
SLE-18837;484901;;cbosdonnat;Open;Must Have;;claudiofontana;cbosdonnat;;N/A;Dev: Provide KVM tooling to automatically create CPU pinnings which are NUMA and hyperthreading aware;
SLE-18835;484898;;aginies;Open;Must Have;;claudiofontana;olh;;N/A;Dev: Xen: large VMs the best practice guide;
SLE-18833;484896;;;Done;Must Have;;claudiofontana;none;;N/A;Dev: ADM SEV-EV support;
SLE-18829;484892;;;Open;Could Have;;claudiofontana;lyan;;N/A;Dev: [HANAonKVM] KVM supports Intel PMEM in AppDirect mode;
SLE-18827;484887;;;Open;Must Have;;claudiofontana;lyan;;N/A;Dev: NVIDIA vGPU: support of vgpu 12.x & 13.x in SLES 15SP4 ;
SLE-18824;484883;;;Planning;Should Have;;suntorytimed;none;;N/A;Dev: SLE 15 SP4: Drop imgen;
SLE-18777;484577;;yfjiang;In Progress;Should Have;;yfjiang;none;;High;Dev: Update GNOME Desktop Environment (GNOME 41.x or higher);
SLE-18729;484200;;sndirsch;Done;Must Have;;ptesarik;none;;N/A;Dev: Update TigerVNC to >= 1.10.0 to allow pasting national characters between local and remote desktop;
SLE-18727;484198;;msmeissn;Open;Must Have;;smanolov;rfrohl;;N/A;Dev: wireshark: Update to include SMC support;
SLE-18725;484196;;fbui;Done;Must Have;;BenniBrunner;fbui;;N/A;Dev: RoCE: Predictable Interface Names - systemd part;
SLE-18723;484194;;;Open;Must Have;;claudiofontana;acho;;N/A;Dev: KVM: Spinlock Yield Forwarding;
SLE-18721;484192;;ptesarik;Done;Must Have;;ptesarik;ptesarik;;N/A;Dev: HSCI: Multi-MAC Support - kernel part;
SLE-18719;484190;;ptesarik;Done;Must Have;;ptesarik;ptesarik;;N/A;Dev: SCLP extended length SCCBs;
SLE-18717;484188;;ptesarik;Done;Must Have;;ptesarik;ptesarik;;N/A;Dev: zcrypt DD: AP bus and zcrypt device driver uevent extensions;
SLE-18715;484186;;;Open;Must Have;;claudiofontana;acho;;N/A;Dev: KVM: Implement full set of zPCI function properties - ISM part (kernel);
SLE-18713;484184;;dirkmueller;In Progress;Must Have;;dirkmueller;none;;N/A;Dev: Valgrind support of new IBM Z hardware z15;
SLE-18711;484182;;;In Progress;Must Have;;matz2;zxyyz;;Low;Dev: GLIBC: Support for new IBM Z Hardware;
SLE-18709;484180;;;In Progress;Must Have;;matz2;matz2;;Medium;Dev: BINUTILS: Support for new IBM Z Hardware;
SLE-18707;484178;;ptesarik;Done;Must Have;;ptesarik;ptesarik;;N/A;Dev: NVMe stand-alone dump support - kernel part;
SLE-18705;484176;;ptesarik;In Progress;Must Have;;ptesarik;ptesarik;;N/A;Dev: Support for new IBM Z Hardware in kernel;
SLE-18703;484174;;ptesarik;Done;Must Have;;ptesarik;ptesarik;;N/A;Dev: Improve CPU-MF counter set extraction performance;
SLE-18701;484172;;acho;Done;Must Have;;claudiofontana;acho;;N/A;Dev: KVM: Use interpretation of specification exceptions;
SLE-18699;484170;;ptesarik;Blocked;Must Have;;ptesarik;ptesarik;;N/A;Dev: Enhanced Interpretation for PCI Functions - kernel part;
SLE-18697;484167;;;Open;Must Have;;claudiofontana;acho;;N/A;Dev: Enhanced Interpretation for PCI Functions - qemu part;
SLE-18695;484165;;;Blocked;Must Have;;claudiofontana;acho;;N/A;Dev: KVM: Crypto Passthrough Hotplug - kernel part;
SLE-18693;484163;;jfehlig;Done;Must Have;;claudiofontana;jfehlig;;N/A;Dev: Provide persistent vfio-ccw device assignments - libvirt part;
SLE-18691;484161;;ptesarik;Done;Must Have;;ptesarik;ptesarik;;N/A;Dev: CPU Model for new IBM Z Hardware - kernel part;
SLE-18689;484159;;;Blocked;Must Have;;claudiofontana;none;;N/A;Dev: KVM: Attestation support for Secure Execution (crypto);
SLE-18687;484155;;;Open;Must Have;;claudiofontana;acho;;N/A;Dev: CPU Model for new IBM Z Hardware - qemu part;
SLE-18685;484153;;;Blocked;Must Have;;claudiofontana;none;;N/A;Dev: KVM: Provide a secure guest indication;
SLE-18683;484151;;;Blocked;Must Have;;claudiofontana;none;;N/A;Dev: KVM: Enable storage key checking for intercepted instructions handled by KVM;
SLE-18681;484149;;;Blocked;Must Have;;claudiofontana;none;;N/A;Dev: KVM: Enable storage key checking for intercepted instruction handled by userspace;
SLE-18679;484146;;;Blocked;Must Have;;claudiofontana;none;;N/A;Dev: KVM: Enable storage key handling for external processes;
SLE-18677;484144;;;Blocked;Must Have;;claudiofontana;none;;N/A;Dev: KVM: Enable access register mode;
SLE-18675;484142;;;Blocked;Must Have;;claudiofontana;none;;N/A;Dev: KVM: Improve memory reclaiming for z15 Secure Execution guests;
SLE-18673;484139;;ptesarik;Blocked;Must Have;;ptesarik;ptesarik;;N/A;Dev: Support for new IBM Z Hardware - details to be provided (KRN2006);
SLE-18671;484137;;;Rejected;Must Have;;ptesarik;none;;N/A;Dev: Support for new IBM Z Hardware - details to be provided (KRN2007);
SLE-18669;484135;;;Rejected;Must Have;;ptesarik;none;;N/A;Dev: Support for new IBM Z Hardware - details to be provided (KRN2015);
SLE-18665;484130;;jziviani;Open;Must Have;;claudiofontana;jziviani;;N/A;Dev: Upgrade qemu to latest version >= 6.0 (kvm);
SLE-18615;483690;;LMartin;Open;Must Have;;STorresi;none;;Low;Dev: SAPHanaSR to provide debug information to HANA ;
SLE-18150;480886;;lee_duncan;Done;Must Have;;hreinecke;lee_duncan;;Medium;Dev: Include mpi3mr driver;
SLE-18148;480875;;;Rejected;Should Have;;matz2;;;N/A;Dev: GLIBC: Platform Support for AMD Zen and AVX2/AVX;
SLE-18146;480869;;;Done;Could Have;;sfent;trenn;;Medium;Dev: Update irqbalance;
SLE-18116;480588;;;Done;Must Have;;mhocko;;;N/A;Dev: SLE 15 SP4 kernel package;
SLE-18114;480578;;AngelaBriel;Open;Should Have;;STorresi;none;;High;Dev: saptune v3.next - APIs and machine readable outputs;
SLE-18302;481911;;cgrobertson;Done;Must Have;;sreeves1;none;;Low;Dev: [P10] POWER10 performance enhancements for cryptography: NSS FreeBL (-> Basesystem and Server-Applications module);
SLE-18298;481905;;ptesarik;Open;Must Have;;ptesarik;ptesarik;;Low;Dev: Dump capture support to HNV interface (kdump/dracut);
SLE-18296;481903;;michals;Blocked;Must Have;;ptesarik;michals;;Low;Dev: [P10] P10 Power Mode Reporting - kernel part;
SLE-18294;481901;;michals;Blocked;Must Have;;ptesarik;michals;;Low;Dev: [P10] P10 Power Mode Reporting - powerpc-utils part;
SLE-18288;481895;;michals;Done;Must Have;;ptesarik;michals;;Low;Dev: [P10] P10 cpuidle optimizations;
SLE-18286;481893;;;Open;Must Have;;sfent;mtomaschewski;;Medium;Dev: SR-IOV - Make Linux Hybrid Network Virtualization (HNV) work for any connection manager (e.g. wicked) (powerpc-utils?);
SLE-17363;455898;;federico-mena;In Progress;Should Have;;sreeves1;;;Low;Dev: add support for high quality bluetooth audio codecs;
SLE-10866;411373;;;Blocked;Could Have;;locilka;;;;Dev: allow default permission level setting;
SLE-9237;404002;;;Blocked;Could Have;;claudiofontana;;;N/A;Dev: KVM SGX 2.0;
SLE-9928;407221;;;Open;Could Have;;hreinecke;mkubecek;;N/A;Dev: Information about device down using arp_interval should be in bonding.txt;
SLE-22630;501197;a_faerber;ykaukab;Done;Should Have;;ptesarik;ykaukab;;N/A;Dev: Ship and support Rockchip RK3399 PWM driver;
SLE-21309;492786;suntorytimed;;In Progress;Should Have;;locilka;none;;High;Dev: Optional LUKS2 support for the Installer (Storage);
SLE-20592;490459;;ancorgs;Done;Should Have;;locilka;none;;Medium;"Dev: YaST has to assign subuids/subgids, like useradd";
SLE-19631;487124;;psimons;Open;Should Have;;kstreitova;psimons;;Low;Dev: Get rid of lftp_wrapper;
SLE-22688;502466;ihno;;Planning;Must Have;;jeff_mahoney;none;;N/A;Dev: Fix Massive Throughput Degradation with the RoCE Express2 25 GbE Card Permanently;
SLE-20516;490267;;jones_tony;In Progress;Must Have;;mgorman;;;N/A;Dev: Review/upgrade perf to match 15 SP4 kernel;
SLE-19403;486194;;michael-chang;Open;Must Have;;BenniBrunner;none;;High;Dev: Power guest secure boot with static keys: GRUB2 portion (crypto);
SLE-19789;487596;holgisms;mbrugger;Done;Should Have;;ptesarik;mbrugger;;N/A;Dev: Update the Mellanox/NVIDIA BlueField-2 SoC;
SLE-22636;501211;Jeffreycheung;;In Progress;Could Have;;ptesarik;patrikjakobsson;;N/A;Dev: Elkhart Lake and Jasper Lake Graphics enabling;
SLE-19430;486279;;oneukum;Done;Could Have;;ptesarik;oneukum;;N/A;Dev: Thunderbolt: TBT SW CM AR/TR Path discovery;
SLE-20856;491230;;;Open;Must Have;;claudiofontana;charlesa;;N/A;Dev: KVM: Enable vfio-ccw and vfio-ap in virt-* tools (virt-manager);
SLE-21540;493506;aginies;;In Progress;Could Have;;claudiofontana;charlesa;;N/A;Dev: Prefer UEFI when creating new virtual machines;
SLE-21008;491731;;claudiofontana;Planning;Could Have;;claudiofontana;none;;N/A;Dev: [SLES15 SP4] KVM VM Denial of Service Prevention;
SLE-20963;491669;;;Rejected;Could Have;;claudiofontana;none;;N/A;Dev: CPU Features - SVM IOMMU: Support guest host PASID non-identity mapping;
SLE-20914;491336;;;In Progress;Could Have;;claudiofontana;none;;N/A;Dev: [SLES15 SP4] libvirt - Update to the latest version;
SLE-18473;483103;;;In Progress;Must Have;;claudiofontana;none;;N/A;Dev: [HANAonKVM] KVM meets HANA certification requirements;
SLE-18471;483101;;;Rejected;Must Have;;claudiofontana;none;;N/A;Dev: OracleLinux support;
SLE-16654;445864;;;In Progress;Should Have;;claudiofontana;;;N/A;Dev: [Research] Support VM migration with VFIO device;
SLE-19529;486574;;;In Progress;Must Have;;claudiofontana;;;N/A;Dev: [DOC] Virtualization support documentation (15 SP4);
SLE-19580;486881;;;Rejected;Could Have;;mhocko;none;;N/A;Dev: CPU Features: Keylocker ISA;
SLE-19748;487488;;;In Progress;Should Have;;claudiofontana;tdz;;N/A;Dev: Enable DRM driver for hyperv;
SLE-19845;487652;holgisms;;Done;Must Have;;claudiofontana;jfehlig;;N/A;Dev: Update libvirt: nodedev for Mellanox/Nvidia;
SLE-20943;491507;;;Rejected;Could Have;;claudiofontana;;;N/A;Dev: [TP] ARMv8.3-NV: KVM Nested Virtualization;
SLE-18869;484966;aginies;;Open;Must Have;;claudiofontana;lyan;;N/A;Dev: [ARM] Support 64K page size in addition to 4K page size in KVM;
SLE-21782;494704;suntorytimed;;Planning;Should Have;;bruclik;none;;N/A;Dev: Update nodejs-common for SLE15 SP4;
SLE-19225;485658;;joeyli;Done;Could Have;;joeyli;none;;N/A;Dev: Backported UEFI patches from newer mainline kernel ;
SLE-19697;487331;;michals;Blocked;Must Have;;ptesarik;michals;;Low;Dev: Enable NX-GZIP support with DLPAR and LPM operations;
SLE-20130;488953;;tsbogend;Open;Must Have;;hreinecke;tsbogend;;Medium;Dev: Enable ipsec and TLS offload for Mellanox ConnectX-6 Dx on POWER (mlx5);
SLE-19666;487283;;;Planning;Should Have;;ptesarik;none;;N/A;Dev: Update libcap to the version in TW;
SLE-21330;492955;Jeffreycheung;;Blocked;Must Have;;BenniBrunner;rwill;;N/A;Dev: efibootmgr: Include support for creating and displaying NVMe-oF TCP device paths;
SLE-21292;492759;Jeffreycheung;duwe;Open;Could Have;;ptesarik;duwe;;N/A;Dev: [SLES15 SP4 Feat] Intel QAT Update - QATZip;
SLE-21120;492178;;;Rejected;Could Have;;claudiofontana;none;;N/A;Dev: [SLES15 SP4] KVM: Support guest CET feature;
SLE-20977;491684;;;Rejected;Could Have;;claudiofontana;;;N/A;Dev: ARMv8.2 SPE in guest;
SLE-22585;500923;gameboy974;firstyear;Open;Could Have;;jmcdough;none;;N/A;Dev: SUSE Providing a 389ds Directory Server Container;
SLE-22125;496035;suntorytimed;sbrabec;Done;Should Have;;kstreitova;none;;Low;Dev: Update libusb-1_0 and libusb-compat;
SLE-21268;492677;suntorytimed;sbrabec;Done;Should Have;;kstreitova;none;;Low;Dev: Update potrace and pstoedit;
SLE-21264;492673;suntorytimed;sbrabec;Done;Should Have;;kstreitova;none;;Low;Dev: Update desktop-file-utils;
SLE-22088;495993;suntorytimed;sbrabec;In Progress;Should Have;;kstreitova;none;;Medium;Dev: Upgrade util-linux to deliver lastest features and fixes;
SLE-19082;485397;;tsbogend;Done;Could Have;;hreinecke;tsbogend;;Medium;Dev: ixgbe: Driver Update;
SLE-19092;485407;;tsbogend;Done;Could Have;;hreinecke;tsbogend;;Medium;Dev: i40e: Driver Update;
SLE-19086;485401;;dkirjanov;Done;Could Have;;hreinecke;dkirjanov;;Medium;Dev:  igc: Driver Update;
SLE-19695;487329;;michals;Done;Must Have;;ptesarik;michals;;Low;Dev: iommu: Add 2MB and 256MB TCE support;
SLE-20146;489003;holgisms;;Done;Must Have;;pgonin;none;;N/A;Dev: Add Fibre Channel key management capabilities to Strongswan;
SLE-19843;487650;holgisms;;Done;Must Have;;pgonin;mosquetero;;N/A;Dev: Update strongswan for Mellanox/Nvidia;
SLE-19438;486287;;;Done;Could Have;;ptesarik;oneukum;;N/A;Dev: Thunderbolt: TBT SW CM AR/TR TMU configuration;
SLE-20965;491672;;;In Progress;Could Have;;claudiofontana;lin_ma;;N/A;Dev: Make QEMU guests more failsafe when resizing SCSI passthrough disks;
SLE-22116;496022;suntorytimed;dspinella;Open;Could Have;;kstreitova;none;;Low;Dev: sle15sp4: Update nmap to 7.92;
SLE-21010;491735;;claudiofontana;Rejected;Could Have;;claudiofontana;none;;N/A;Dev: [SLES15 SP4] HLAT support;
SLE-22586;501062;msmeissn;shunghsiyu;Done;Must Have;;mhocko;none;;N/A;Dev: Disable unprivileged eBPF due to security issues;
SLE-22097;496002;suntorytimed;sbrabec;Done;Should Have;;kstreitova;sbrabec;;Medium;Dev: [kbd] Update kbd;
SLE-22716;502651;Jeffreycheung;;Planning;Should Have;;mhocko;bpetkov;;N/A;Dev: hwmon: (k10temp) Add support for Zen3 CPUs (Milan);
SLE-19436;486285;;;Done;Could Have;;ptesarik;oneukum;;N/A;Dev: Thunderbolt: TBT SW CM AR/TR bandwidth management for DP;
SLE-19080;485390;;tsbogend;Done;Could Have;;hreinecke;tsbogend;;Medium;Dev: iAVF: Driver Update;
SLE-19774;487575;;tdz;Done;Could Have;;ptesarik;tdz;;N/A;Dev: Support AST2600 chip;
SLE-20786;491028;;mbrugger;Done;Could Have;;ptesarik;mbrugger;;N/A;Dev: ARM v8.5 Memory Tagging;
SLE-18467;483097;;aginies;Open;Must Have;;claudiofontana;charlesa;;N/A;Dev: Xen new release for SP4;
SLE-20227;489399;;sballen;Under Review;Should Have;;mlatimer;none;;Medium;Dev: Update Ceph in SLE15-SP4 to version 16.2.*;
SLE-18850;484921;;michael-chang;Open;Must Have;;BenniBrunner;michael-chang;;Medium;Dev: Power guest secure boot with static keys: GRUB2 signing portion (crypto);
SLE-22718;502661;fcrozat;;Planning;Could Have;;sfent;none;;N/A;Dev: Update hplip to Factory version;
SLE-22838;502954;Jeffreycheung;;Done;Could Have;;sfent;trenn;;N/A;Dev: Intel Speed Select: SPR 4 + sockets support;
SLE-22840;502956;Jeffreycheung;;Done;Could Have;;sfent;trenn;;N/A;Dev: Intel Speed Select: Optimize CPU to PCI device mapping;
SLE-22836;502952;Jeffreycheung;;Planning;Could Have;;ptesarik;patrikjakobsson;;N/A;Dev: ADL-S graphics update;
SLE-22834;502950;Jeffreycheung;;Planning;Could Have;;ptesarik;patrikjakobsson;;N/A;Dev: ADL-P graphics update;
SLE-21961;495798;suntorytimed;jsikes;Open;Should Have;;kstreitova;none;;Medium;Dev: Update the whole smart card package chain in SLE-15-SP4;
SLE-21589;493774;suntorytimed;jsikes;Done;Could Have;;kstreitova;pgajdos;;Medium;Dev: Update libEMF in SLE-15-SP4 to 1.0.13;
SLE-21979;495816;suntorytimed;jsikes;Done;Could Have;;kstreitova;pgajdos;;Medium;Dev: Update ftgl to 2.4.0;
SLE-19090;485405;;tsbogend;Done;Could Have;;hreinecke;tsbogend;;Medium;Dev: ice: Driver Update;
SLE-21976;495813;suntorytimed;jsikes;Done;Could Have;;kstreitova;pgajdos;;Low;Dev: Update augeas to 1.12.0;
SLE-21934;495771;suntorytimed;jsikes;Done;Should Have;;kstreitova;pgajdos;;Medium;Dev: Update sudo to the latest version in SLE15SP4;
SLE-20737;490904;;NMoreyChaisemartin;Done;Could Have;;hreinecke;NMoreyChaisemartin;;Low;Dev: Fix gcc problems with opa-fm and ipoib stability improvements;
SLE-20248;489471;;afeijoo;In Progress;Must Have;;BenniBrunner;afeijoo;;High;Dev: [dracut] change the default compression to zstd;
SLE-20219;489391;;teclator;Open;Could Have;;locilka;none;;Medium;Dev: autoyast probe uefi detection ;
